getter,peers,micros,payload,rcv_flag,delay
1,128,1000000,32,0,1379
1,128,1000000,32,0,1417
1,128,1000000,32,0,1420
1,128,1000000,32,0,1423
1,128,1000000,32,0,1607
1,128,1000000,32,0,1638
1,128,1000000,32,0,1643
1,128,1000000,32,0,1646
1,128,1000000,32,0,1649
1,128,1000000,32,0,1848
1,128,1000000,32,0,1867
1,128,1000000,32,0,1873
1,128,1000000,32,0,1876
1,128,1000000,32,0,1897
1,128,1000000,32,0,1901
1,128,1000000,32,0,1904
1,128,1000000,32,0,1908
1,128,1000000,32,0,1918
1,128,1000000,32,0,1930
1,128,1000000,32,0,2123
1,128,1000000,32,0,2140
1,128,1000000,32,0,2143
1,128,1000000,32,0,2145
1,128,1000000,32,0,2151
1,128,1000000,32,0,2154
1,128,1000000,32,0,2157
1,128,1000000,32,0,2160
1,128,1000000,32,0,2162
1,128,1000000,32,0,2165
1,128,1000000,32,0,2168
1,128,1000000,32,0,2171
1,128,1000000,32,0,2174
1,128,1000000,32,0,2176
1,128,1000000,32,0,2179
1,128,1000000,32,0,2182
1,128,1000000,32,0,2185
1,128,1000000,32,0,2187
1,128,1000000,32,0,2189
1,128,1000000,32,0,2192
1,128,1000000,32,0,2538
1,128,1000000,32,0,2550
1,128,1000000,32,0,2554
1,128,1000000,32,0,2557
1,128,1000000,32,0,2559
1,128,1000000,32,0,2562
1,128,1000000,32,0,2565
1,128,1000000,32,0,2567
1,128,1000000,32,0,2570
1,128,1000000,32,0,2573
1,128,1000000,32,0,2577
1,128,1000000,32,0,2580
1,128,1000000,32,0,2583
1,128,1000000,32,0,2586
1,128,1000000,32,0,2588
1,128,1000000,32,0,2591
1,128,1000000,32,0,2594
1,128,1000000,32,0,2597
1,128,1000000,32,0,2599
1,128,1000000,32,0,2602
1,128,1000000,32,0,2605
1,128,1000000,32,0,2608
1,128,1000000,32,0,2611
1,128,1000000,32,0,2614
1,128,1000000,32,0,2616
1,128,1000000,32,0,2619
1,128,1000000,32,0,2623
1,128,1000000,32,0,2625
1,128,1000000,32,0,2628
1,128,1000000,32,0,2630
1,128,1000000,32,0,2633
1,128,1000000,32,0,2636
1,128,1000000,32,0,2639
1,128,1000000,32,0,2642
1,128,1000000,32,0,2645
1,128,1000000,32,0,2647
1,128,1000000,32,0,2650
1,128,1000000,32,0,2653
1,128,1000000,32,0,2655
1,128,1000000,32,0,2658
1,128,1000000,32,0,2661
1,128,1000000,32,0,2663
1,128,1000000,32,0,2667
1,128,1000000,32,0,2669
1,128,1000000,32,0,2672
1,128,1000000,32,0,2675
1,128,1000000,32,0,2678
1,128,1000000,32,0,2681
1,128,1000000,32,0,2684
1,128,1000000,32,0,2686
1,128,1000000,32,0,2689
1,128,1000000,32,0,2692
1,128,1000000,32,0,2694
1,128,1000000,32,0,2697
1,128,1000000,32,0,2700
1,128,1000000,32,0,2703
1,128,1000000,32,0,2706
1,128,1000000,32,0,2709
1,128,1000000,32,0,2712
1,128,1000000,32,0,2716
1,128,1000000,32,0,2719
1,128,1000000,32,0,2722
1,128,1000000,32,0,2724
1,128,1000000,32,0,2727
1,128,1000000,32,0,2730
1,128,1000000,32,0,2733
1,128,1000000,32,0,2735
1,128,1000000,32,0,2738
1,128,1000000,32,0,2746
1,128,1000000,32,0,2750
1,128,1000000,32,0,2753
1,128,1000000,32,0,2755
1,128,1000000,32,0,2758
1,128,1000000,32,0,2760
1,128,1000000,32,0,2762
1,128,1000000,32,0,2764
1,128,1000000,32,0,2766
1,128,1000000,32,0,2767
1,128,1000000,32,0,2769
1,128,1000000,32,0,2771
1,128,1000000,32,0,2773
1,128,1000000,32,0,2775
1,128,1000000,32,0,2777
1,128,1000000,32,0,2779
1,128,1000000,32,0,2781
1,128,1000000,32,0,2783
1,128,1000000,32,0,2785
1,128,1000000,32,0,2786
1,128,1000000,32,0,2789
1,128,1000000,32,0,1932
1,128,1000000,32,0,2049
1,128,1000000,32,0,2072
1,128,1000000,32,0,2076
1,128,1000000,32,0,2079
1,128,1000000,32,0,2082
1,128,1000000,32,0,2090
1,128,1000000,32,0,2113
1,128,1000000,32,0,2122
1,128,1000000,32,0,2126
1,128,1000000,32,0,2129
1,128,1000000,32,0,2132
1,128,1000000,32,0,2134
1,128,1000000,32,0,2137
1,128,1000000,32,0,2139
1,128,1000000,32,0,2142
1,128,1000000,32,0,2145
1,128,1000000,32,0,2148
1,128,1000000,32,0,2151
1,128,1000000,32,0,2172
1,128,1000000,32,0,2175
1,128,1000000,32,0,2178
1,128,1000000,32,0,2181
1,128,1000000,32,0,2184
1,128,1000000,32,0,2187
1,128,1000000,32,0,2190
1,128,1000000,32,0,2193
1,128,1000000,32,0,2196
1,128,1000000,32,0,2198
1,128,1000000,32,0,2202
1,128,1000000,32,0,2205
1,128,1000000,32,0,2207
1,128,1000000,32,0,2220
1,128,1000000,32,0,2223
1,128,1000000,32,0,2226
1,128,1000000,32,0,2233
1,128,1000000,32,0,2237
1,128,1000000,32,0,2241
1,128,1000000,32,0,2246
1,128,1000000,32,0,2251
1,128,1000000,32,0,2254
1,128,1000000,32,0,2268
1,128,1000000,32,0,2271
1,128,1000000,32,0,2274
1,128,1000000,32,0,2278
1,128,1000000,32,0,2281
1,128,1000000,32,0,2295
1,128,1000000,32,0,2299
1,128,1000000,32,0,2301
1,128,1000000,32,0,2304
1,128,1000000,32,0,2307
1,128,1000000,32,0,2310
1,128,1000000,32,0,2313
1,128,1000000,32,0,2316
1,128,1000000,32,0,2319
1,128,1000000,32,0,2322
1,128,1000000,32,0,2326
1,128,1000000,32,0,2329
1,128,1000000,32,0,2332
1,128,1000000,32,0,2334
1,128,1000000,32,0,2337
1,128,1000000,32,0,2340
1,128,1000000,32,0,2342
1,128,1000000,32,0,2345
1,128,1000000,32,0,2348
1,128,1000000,32,0,2350
1,128,1000000,32,0,2353
1,128,1000000,32,0,2356
1,128,1000000,32,0,2358
1,128,1000000,32,0,2361
1,128,1000000,32,0,2364
1,128,1000000,32,0,2367
1,128,1000000,32,0,2619
1,128,1000000,32,0,2628
1,128,1000000,32,0,2631
1,128,1000000,32,0,2634
1,128,1000000,32,0,2637
1,128,1000000,32,0,2641
1,128,1000000,32,0,2645
1,128,1000000,32,0,2648
1,128,1000000,32,0,2651
1,128,1000000,32,0,2655
1,128,1000000,32,0,2657
1,128,1000000,32,0,2659
1,128,1000000,32,0,2662
1,128,1000000,32,0,2666
1,128,1000000,32,0,2669
1,128,1000000,32,0,2673
1,128,1000000,32,0,2676
1,128,1000000,32,0,2679
1,128,1000000,32,0,2682
1,128,1000000,32,0,2684
1,128,1000000,32,0,2688
1,128,1000000,32,0,2691
1,128,1000000,32,0,2693
1,128,1000000,32,0,2696
1,128,1000000,32,0,2699
1,128,1000000,32,0,2701
1,128,1000000,32,0,2703
1,128,1000000,32,0,2704
1,128,1000000,32,0,2709
1,128,1000000,32,0,2711
1,128,1000000,32,0,2712
1,128,1000000,32,0,2714
1,128,1000000,32,0,2716
1,128,1000000,32,0,2718
1,128,1000000,32,0,2721
1,128,1000000,32,0,2722
1,128,1000000,32,0,2724
1,128,1000000,32,0,2726
1,128,1000000,32,0,2728
1,128,1000000,32,0,2729
1,128,1000000,32,0,2731
1,128,1000000,32,0,2733
1,128,1000000,32,0,2735
1,128,1000000,32,0,2737
1,128,1000000,32,0,2739
1,128,1000000,32,0,2741
1,128,1000000,32,0,2743
1,128,1000000,32,0,2745
1,128,1000000,32,0,2747
1,128,1000000,32,0,2748
1,128,1000000,32,0,2750
1,128,1000000,32,0,2752
1,128,1000000,32,0,2754
1,128,1000000,32,0,2756
1,128,1000000,32,0,2758
1,128,1000000,32,0,2760
1,128,1000000,32,0,2029
1,128,1000000,32,0,2066
1,128,1000000,32,0,2070
1,128,1000000,32,0,2073
1,128,1000000,32,0,2076
1,128,1000000,32,0,2079
1,128,1000000,32,0,2082
1,128,1000000,32,0,2084
1,128,1000000,32,0,2087
1,128,1000000,32,0,2090
1,128,1000000,32,0,2093
1,128,1000000,32,0,2095
1,128,1000000,32,0,2099
1,128,1000000,32,0,2103
1,128,1000000,32,0,2107
1,128,1000000,32,0,2110
1,128,1000000,32,0,2112
1,128,1000000,32,0,2115
1,128,1000000,32,0,2176
1,128,1000000,32,0,2198
1,128,1000000,32,0,2222
1,128,1000000,32,0,2226
1,128,1000000,32,0,2229
1,128,1000000,32,0,2232
1,128,1000000,32,0,2235
1,128,1000000,32,0,2238
1,128,1000000,32,0,2240
1,128,1000000,32,0,2243
1,128,1000000,32,0,2245
1,128,1000000,32,0,2248
1,128,1000000,32,0,2251
1,128,1000000,32,0,2254
1,128,1000000,32,0,2257
1,128,1000000,32,0,2260
1,128,1000000,32,0,2263
1,128,1000000,32,0,2269
1,128,1000000,32,0,2272
1,128,1000000,32,0,2275
1,128,1000000,32,0,2278
1,128,1000000,32,0,2280
1,128,1000000,32,0,2284
1,128,1000000,32,0,2287
1,128,1000000,32,0,2291
1,128,1000000,32,0,2294
1,128,1000000,32,0,2297
1,128,1000000,32,0,2299
1,128,1000000,32,0,2303
1,128,1000000,32,0,2306
1,128,1000000,32,0,2309
1,128,1000000,32,0,2311
1,128,1000000,32,0,2314
1,128,1000000,32,0,2318
1,128,1000000,32,0,2321
1,128,1000000,32,0,2324
1,128,1000000,32,0,2326
1,128,1000000,32,0,2329
1,128,1000000,32,0,2334
1,128,1000000,32,0,2336
1,128,1000000,32,0,2339
1,128,1000000,32,0,2343
1,128,1000000,32,0,2346
1,128,1000000,32,0,2349
1,128,1000000,32,0,2352
1,128,1000000,32,0,2356
1,128,1000000,32,0,2358
1,128,1000000,32,0,2361
1,128,1000000,32,0,2364
1,128,1000000,32,0,2367
1,128,1000000,32,0,2371
1,128,1000000,32,0,2374
1,128,1000000,32,0,2377
1,128,1000000,32,0,2380
1,128,1000000,32,0,2384
1,128,1000000,32,0,2387
1,128,1000000,32,0,2389
1,128,1000000,32,0,2392
1,128,1000000,32,0,2396
1,128,1000000,32,0,2398
1,128,1000000,32,0,2402
1,128,1000000,32,0,2406
1,128,1000000,32,0,2410
1,128,1000000,32,0,2413
1,128,1000000,32,0,2416
1,128,1000000,32,0,2419
1,128,1000000,32,0,2433
1,128,1000000,32,0,2436
1,128,1000000,32,0,2440
1,128,1000000,32,0,2443
1,128,1000000,32,0,2450
1,128,1000000,32,0,2454
1,128,1000000,32,0,2459
1,128,1000000,32,0,2463
1,128,1000000,32,0,2467
1,128,1000000,32,0,2471
1,128,1000000,32,0,2475
1,128,1000000,32,0,2479
1,128,1000000,32,0,2483
1,128,1000000,32,0,2487
1,128,1000000,32,0,2492
1,128,1000000,32,0,2496
1,128,1000000,32,0,2501
1,128,1000000,32,0,2504
1,128,1000000,32,0,2508
1,128,1000000,32,0,2511
1,128,1000000,32,0,2514
1,128,1000000,32,0,2517
1,128,1000000,32,0,2520
1,128,1000000,32,0,2523
1,128,1000000,32,0,2526
1,128,1000000,32,0,2529
1,128,1000000,32,0,2532
1,128,1000000,32,0,2535
1,128,1000000,32,0,2537
1,128,1000000,32,0,2539
1,128,1000000,32,0,2541
1,128,1000000,32,0,2543
1,128,1000000,32,0,2545
1,128,1000000,32,0,2546
1,128,1000000,32,0,2548
1,128,1000000,32,0,2550
1,128,1000000,32,0,2552
1,128,1000000,32,0,2554
1,128,1000000,32,0,2556
1,128,1000000,32,0,2558
1,128,1000000,32,0,2560
1,128,1000000,32,0,2562
1,128,1000000,32,0,2564
1,128,1000000,32,0,2566
1,128,1000000,32,0,1266
1,128,1000000,32,0,1312
1,128,1000000,32,0,1316
1,128,1000000,32,0,1319
1,128,1000000,32,0,1322
1,128,1000000,32,0,1325
1,128,1000000,32,0,1327
1,128,1000000,32,0,1330
1,128,1000000,32,0,1332
1,128,1000000,32,0,1335
1,128,1000000,32,0,1342
1,128,1000000,32,0,1345
1,128,1000000,32,0,1347
1,128,1000000,32,0,1356
1,128,1000000,32,0,1360
1,128,1000000,32,0,1362
1,128,1000000,32,0,1365
1,128,1000000,32,0,1540
1,128,1000000,32,0,1546
1,128,1000000,32,0,1556
1,128,1000000,32,0,1560
1,128,1000000,32,0,1563
1,128,1000000,32,0,1565
1,128,1000000,32,0,1568
1,128,1000000,32,0,1571
1,128,1000000,32,0,1573
1,128,1000000,32,0,1576
1,128,1000000,32,0,1578
1,128,1000000,32,0,1581
1,128,1000000,32,0,1584
1,128,1000000,32,0,1586
1,128,1000000,32,0,1589
1,128,1000000,32,0,1591
1,128,1000000,32,0,1594
1,128,1000000,32,0,1597
1,128,1000000,32,0,1599
1,128,1000000,32,0,1601
1,128,1000000,32,0,1606
1,128,1000000,32,0,1608
1,128,1000000,32,0,1611
1,128,1000000,32,0,1614
1,128,1000000,32,0,1616
1,128,1000000,32,0,1619
1,128,1000000,32,0,1621
1,128,1000000,32,0,1644
1,128,1000000,32,0,1786
1,128,1000000,32,0,1792
1,128,1000000,32,0,1796
1,128,1000000,32,0,1798
1,128,1000000,32,0,1801
1,128,1000000,32,0,1803
1,128,1000000,32,0,1806
1,128,1000000,32,0,1808
1,128,1000000,32,0,1811
1,128,1000000,32,0,1814
1,128,1000000,32,0,1817
1,128,1000000,32,0,1819
1,128,1000000,32,0,1822
1,128,1000000,32,0,1825
1,128,1000000,32,0,1829
1,128,1000000,32,0,1832
1,128,1000000,32,0,1835
1,128,1000000,32,0,1838
1,128,1000000,32,0,1841
1,128,1000000,32,0,1843
1,128,1000000,32,0,1847
1,128,1000000,32,0,1850
1,128,1000000,32,0,1913
1,128,1000000,32,0,1919
1,128,1000000,32,0,1923
1,128,1000000,32,0,1926
1,128,1000000,32,0,1929
1,128,1000000,32,0,1932
1,128,1000000,32,0,1935
1,128,1000000,32,0,1953
1,128,1000000,32,0,1956
1,128,1000000,32,0,1959
1,128,1000000,32,0,1962
1,128,1000000,32,0,1966
1,128,1000000,32,0,1969
1,128,1000000,32,0,1972
1,128,1000000,32,0,1975
1,128,1000000,32,0,1979
1,128,1000000,32,0,1983
1,128,1000000,32,0,1986
1,128,1000000,32,0,2170
1,128,1000000,32,0,2209
1,128,1000000,32,0,2213
1,128,1000000,32,0,2216
1,128,1000000,32,0,2219
1,128,1000000,32,0,2221
1,128,1000000,32,0,2224
1,128,1000000,32,0,2227
1,128,1000000,32,0,2230
1,128,1000000,32,0,2232
1,128,1000000,32,0,2235
1,128,1000000,32,0,2238
1,128,1000000,32,0,2240
1,128,1000000,32,0,2243
1,128,1000000,32,0,2245
1,128,1000000,32,0,2248
1,128,1000000,32,0,2250
1,128,1000000,32,0,2252
1,128,1000000,32,0,2255
1,128,1000000,32,0,2261
1,128,1000000,32,0,2263
1,128,1000000,32,0,2266
1,128,1000000,32,0,2268
1,128,1000000,32,0,2271
1,128,1000000,32,0,2324
1,128,1000000,32,0,2335
1,128,1000000,32,0,2339
1,128,1000000,32,0,2342
1,128,1000000,32,0,2345
1,128,1000000,32,0,2348
1,128,1000000,32,0,2350
1,128,1000000,32,0,2353
1,128,1000000,32,0,2355
1,128,1000000,32,0,2358
1,128,1000000,32,0,2361
1,128,1000000,32,0,2365
1,128,1000000,32,0,2375
1,128,1000000,32,0,2384
1,128,1000000,32,0,2398
1,128,1000000,32,0,2410
1,128,1000000,32,0,2434
1,128,1000000,32,0,2443
1,128,1000000,32,0,2456
1,128,1000000,32,0,1635
1,128,1000000,32,0,1670
1,128,1000000,32,0,1674
1,128,1000000,32,0,1677
1,128,1000000,32,0,1679
1,128,1000000,32,0,1682
1,128,1000000,32,0,1684
1,128,1000000,32,0,1849
1,128,1000000,32,0,1853
1,128,1000000,32,0,1856
1,128,1000000,32,0,1859
1,128,1000000,32,0,1861
1,128,1000000,32,0,1864
1,128,1000000,32,0,1866
1,128,1000000,32,0,1868
1,128,1000000,32,0,1871
1,128,1000000,32,0,1873
1,128,1000000,32,0,1876
1,128,1000000,32,0,1879
1,128,1000000,32,0,1881
1,128,1000000,32,0,1884
1,128,1000000,32,0,1887
1,128,1000000,32,0,1889
1,128,1000000,32,0,1892
1,128,1000000,32,0,1896
1,128,1000000,32,0,1898
1,128,1000000,32,0,1901
1,128,1000000,32,0,1903
1,128,1000000,32,0,1906
1,128,1000000,32,0,1908
1,128,1000000,32,0,2023
1,128,1000000,32,0,2033
1,128,1000000,32,0,2038
1,128,1000000,32,0,2053
1,128,1000000,32,0,2057
1,128,1000000,32,0,2060
1,128,1000000,32,0,2063
1,128,1000000,32,0,2072
1,128,1000000,32,0,2075
1,128,1000000,32,0,2088
1,128,1000000,32,0,2091
1,128,1000000,32,0,2094
1,128,1000000,32,0,2097
1,128,1000000,32,0,2100
1,128,1000000,32,0,2102
1,128,1000000,32,0,2105
1,128,1000000,32,0,2108
1,128,1000000,32,0,2111
1,128,1000000,32,0,2114
1,128,1000000,32,0,2118
1,128,1000000,32,0,2122
1,128,1000000,32,0,2126
1,128,1000000,32,0,2130
1,128,1000000,32,0,2134
1,128,1000000,32,0,2138
1,128,1000000,32,0,2142
1,128,1000000,32,0,2147
1,128,1000000,32,0,2150
1,128,1000000,32,0,2153
1,128,1000000,32,0,2156
1,128,1000000,32,0,2159
1,128,1000000,32,0,2162
1,128,1000000,32,0,2166
1,128,1000000,32,0,2168
1,128,1000000,32,0,2171
1,128,1000000,32,0,2175
1,128,1000000,32,0,2178
1,128,1000000,32,0,2181
1,128,1000000,32,0,2183
1,128,1000000,32,0,2186
1,128,1000000,32,0,2188
1,128,1000000,32,0,2191
1,128,1000000,32,0,2194
1,128,1000000,32,0,2197
1,128,1000000,32,0,2199
1,128,1000000,32,0,2202
1,128,1000000,32,0,2205
1,128,1000000,32,0,2208
1,128,1000000,32,0,2212
1,128,1000000,32,0,2214
1,128,1000000,32,0,2217
1,128,1000000,32,0,2220
1,128,1000000,32,0,2223
1,128,1000000,32,0,2226
1,128,1000000,32,0,2229
1,128,1000000,32,0,2232
1,128,1000000,32,0,2249
1,128,1000000,32,0,2253
1,128,1000000,32,0,2257
1,128,1000000,32,0,2259
1,128,1000000,32,0,2262
1,128,1000000,32,0,2265
1,128,1000000,32,0,2268
1,128,1000000,32,0,2270
1,128,1000000,32,0,2272
1,128,1000000,32,0,2275
1,128,1000000,32,0,2278
1,128,1000000,32,0,2280
1,128,1000000,32,0,2282
1,128,1000000,32,0,2286
1,128,1000000,32,0,2288
1,128,1000000,32,0,2290
1,128,1000000,32,0,2293
1,128,1000000,32,0,2296
1,128,1000000,32,0,2298
1,128,1000000,32,0,2301
1,128,1000000,32,0,2303
1,128,1000000,32,0,2306
1,128,1000000,32,0,2308
1,128,1000000,32,0,2311
1,128,1000000,32,0,2314
1,128,1000000,32,0,2318
1,128,1000000,32,0,2321
1,128,1000000,32,0,2336
1,128,1000000,32,0,2340
1,128,1000000,32,0,2343
1,128,1000000,32,0,2346
1,128,1000000,32,0,2349
1,128,1000000,32,0,2352
1,128,1000000,32,0,2354
1,128,1000000,32,0,2357
1,128,1000000,32,0,2360
1,128,1000000,32,0,2363
1,128,1000000,32,0,2373
1,128,1000000,32,0,2377
1,128,1000000,32,0,2416
1,128,1000000,32,0,2428
1,128,1000000,32,0,2431
1,128,1000000,32,0,1299
1,128,1000000,32,0,1376
1,128,1000000,32,0,1398
1,128,1000000,32,0,1403
1,128,1000000,32,0,1405
1,128,1000000,32,0,1408
1,128,1000000,32,0,1411
1,128,1000000,32,0,1414
1,128,1000000,32,0,1417
1,128,1000000,32,0,1419
1,128,1000000,32,0,1422
1,128,1000000,32,0,1424
1,128,1000000,32,0,1427
1,128,1000000,32,0,1430
1,128,1000000,32,0,1433
1,128,1000000,32,0,1436
1,128,1000000,32,0,1439
1,128,1000000,32,0,1441
1,128,1000000,32,0,1444
1,128,1000000,32,0,1447
1,128,1000000,32,0,1451
1,128,1000000,32,0,1453
1,128,1000000,32,0,1456
1,128,1000000,32,0,1459
1,128,1000000,32,0,1462
1,128,1000000,32,0,1465
1,128,1000000,32,0,1468
1,128,1000000,32,0,1470
1,128,1000000,32,0,1476
1,128,1000000,32,0,1478
1,128,1000000,32,0,1481
1,128,1000000,32,0,1484
1,128,1000000,32,0,1487
1,128,1000000,32,0,1489
1,128,1000000,32,0,1492
1,128,1000000,32,0,1495
1,128,1000000,32,0,1497
1,128,1000000,32,0,1500
1,128,1000000,32,0,1502
1,128,1000000,32,0,1505
1,128,1000000,32,0,1508
1,128,1000000,32,0,1520
1,128,1000000,32,0,1523
1,128,1000000,32,0,1526
1,128,1000000,32,0,1529
1,128,1000000,32,0,1532
1,128,1000000,32,0,1535
1,128,1000000,32,0,1587
1,128,1000000,32,0,1592
1,128,1000000,32,0,1596
1,128,1000000,32,0,1598
1,128,1000000,32,0,1601
1,128,1000000,32,0,1603
1,128,1000000,32,0,1606
1,128,1000000,32,0,1621
1,128,1000000,32,0,1625
1,128,1000000,32,0,1635
1,128,1000000,32,0,1640
1,128,1000000,32,0,1643
1,128,1000000,32,0,1646
1,128,1000000,32,0,1657
1,128,1000000,32,0,1661
1,128,1000000,32,0,1664
1,128,1000000,32,0,1676
1,128,1000000,32,0,1679
1,128,1000000,32,0,1683
1,128,1000000,32,0,1686
1,128,1000000,32,0,1689
1,128,1000000,32,0,1704
1,128,1000000,32,0,1708
1,128,1000000,32,0,1710
1,128,1000000,32,0,1953
1,128,1000000,32,0,1965
1,128,1000000,32,0,1976
1,128,1000000,32,0,1980
1,128,1000000,32,0,1983
1,128,1000000,32,0,1985
1,128,1000000,32,0,1988
1,128,1000000,32,0,1991
1,128,1000000,32,0,1994
1,128,1000000,32,0,1996
1,128,1000000,32,0,1999
1,128,1000000,32,0,2002
1,128,1000000,32,0,2004
1,128,1000000,32,0,2007
1,128,1000000,32,0,2010
1,128,1000000,32,0,2013
1,128,1000000,32,0,2015
1,128,1000000,32,0,2018
1,128,1000000,32,0,2326
1,128,1000000,32,0,2334
1,128,1000000,32,0,2338
1,128,1000000,32,0,2341
1,128,1000000,32,0,2344
1,128,1000000,32,0,2347
1,128,1000000,32,0,2350
1,128,1000000,32,0,2354
1,128,1000000,32,0,2358
1,128,1000000,32,0,2360
1,128,1000000,32,0,2363
1,128,1000000,32,0,2365
1,128,1000000,32,0,2367
1,128,1000000,32,0,2369
1,128,1000000,32,0,2372
1,128,1000000,32,0,2375
1,128,1000000,32,0,2378
1,128,1000000,32,0,2380
1,128,1000000,32,0,2383
1,128,1000000,32,0,2386
1,128,1000000,32,0,2389
1,128,1000000,32,0,2392
1,128,1000000,32,0,2395
1,128,1000000,32,0,2397
1,128,1000000,32,0,2400
1,128,1000000,32,0,2402
1,128,1000000,32,0,2404
1,128,1000000,32,0,2405
1,128,1000000,32,0,2407
1,128,1000000,32,0,2409
1,128,1000000,32,0,2411
1,128,1000000,32,0,2413
1,128,1000000,32,0,2416
1,128,1000000,32,0,2419
1,128,1000000,32,0,2421
1,128,1000000,32,0,2424
1,128,1000000,32,0,2427
1,128,1000000,32,0,2429
1,128,1000000,32,0,2431
1,128,1000000,32,0,1918
1,128,1000000,32,0,1954
1,128,1000000,32,0,1958
1,128,1000000,32,0,1961
1,128,1000000,32,0,1964
1,128,1000000,32,0,1967
1,128,1000000,32,0,1969
1,128,1000000,32,0,1972
1,128,1000000,32,0,1975
1,128,1000000,32,0,1977
1,128,1000000,32,0,1980
1,128,1000000,32,0,1983
1,128,1000000,32,0,1986
1,128,1000000,32,0,1988
1,128,1000000,32,0,1991
1,128,1000000,32,0,1993
1,128,1000000,32,0,1996
1,128,1000000,32,0,2010
1,128,1000000,32,0,2013
1,128,1000000,32,0,2016
1,128,1000000,32,0,2019
1,128,1000000,32,0,2021
1,128,1000000,32,0,2025
1,128,1000000,32,0,2029
1,128,1000000,32,0,2035
1,128,1000000,32,0,2039
1,128,1000000,32,0,2043
1,128,1000000,32,0,2046
1,128,1000000,32,0,2049
1,128,1000000,32,0,2051
1,128,1000000,32,0,2054
1,128,1000000,32,0,2057
1,128,1000000,32,0,2060
1,128,1000000,32,0,2063
1,128,1000000,32,0,2066
1,128,1000000,32,0,2068
1,128,1000000,32,0,2071
1,128,1000000,32,0,2074
1,128,1000000,32,0,2076
1,128,1000000,32,0,2079
1,128,1000000,32,0,2082
1,128,1000000,32,0,2084
1,128,1000000,32,0,2087
1,128,1000000,32,0,2090
1,128,1000000,32,0,2092
1,128,1000000,32,0,2094
1,128,1000000,32,0,2097
1,128,1000000,32,0,2100
1,128,1000000,32,0,2102
1,128,1000000,32,0,2105
1,128,1000000,32,0,2108
1,128,1000000,32,0,2110
1,128,1000000,32,0,2113
1,128,1000000,32,0,2116
1,128,1000000,32,0,2118
1,128,1000000,32,0,2121
1,128,1000000,32,0,2124
1,128,1000000,32,0,2126
1,128,1000000,32,0,2140
1,128,1000000,32,0,2144
1,128,1000000,32,0,2146
1,128,1000000,32,0,2151
1,128,1000000,32,0,2153
1,128,1000000,32,0,2156
1,128,1000000,32,0,2159
1,128,1000000,32,0,2162
1,128,1000000,32,0,2164
1,128,1000000,32,0,2167
1,128,1000000,32,0,2169
1,128,1000000,32,0,2172
1,128,1000000,32,0,2175
1,128,1000000,32,0,2178
1,128,1000000,32,0,2180
1,128,1000000,32,0,2183
1,128,1000000,32,0,2185
1,128,1000000,32,0,2188
1,128,1000000,32,0,2190
1,128,1000000,32,0,2193
1,128,1000000,32,0,2196
1,128,1000000,32,0,2198
1,128,1000000,32,0,2201
1,128,1000000,32,0,2203
1,128,1000000,32,0,2206
1,128,1000000,32,0,2319
1,128,1000000,32,0,2336
1,128,1000000,32,0,2339
1,128,1000000,32,0,2342
1,128,1000000,32,0,2355
1,128,1000000,32,0,2359
1,128,1000000,32,0,2361
1,128,1000000,32,0,2364
1,128,1000000,32,0,2367
1,128,1000000,32,0,2370
1,128,1000000,32,0,2372
1,128,1000000,32,0,2376
1,128,1000000,32,0,2379
1,128,1000000,32,0,2381
1,128,1000000,32,0,2384
1,128,1000000,32,0,2387
1,128,1000000,32,0,2391
1,128,1000000,32,0,2394
1,128,1000000,32,0,2407
1,128,1000000,32,0,2410
1,128,1000000,32,0,2413
1,128,1000000,32,0,2416
1,128,1000000,32,0,2419
1,128,1000000,32,0,2422
1,128,1000000,32,0,2425
1,128,1000000,32,0,2428
1,128,1000000,32,0,2431
1,128,1000000,32,0,2435
1,128,1000000,32,0,2438
1,128,1000000,32,0,2441
1,128,1000000,32,0,2444
1,128,1000000,32,0,2446
1,128,1000000,32,0,2471
1,128,1000000,32,0,2475
1,128,1000000,32,0,2478
1,128,1000000,32,0,2541
1,128,1000000,32,0,2548
1,128,1000000,32,0,2551
1,128,1000000,32,0,2554
1,128,1000000,32,0,2556
1,128,1000000,32,0,2558
1,128,1000000,32,0,2560
1,128,1000000,32,0,2566
1,128,1000000,32,0,2585
1,128,1000000,32,0,2606
1,128,1000000,32,0,883
1,128,1000000,32,0,920
1,128,1000000,32,0,925
1,128,1000000,32,0,928
1,128,1000000,32,0,931
1,128,1000000,32,0,934
1,128,1000000,32,0,937
1,128,1000000,32,0,940
1,128,1000000,32,0,943
1,128,1000000,32,0,946
1,128,1000000,32,0,949
1,128,1000000,32,0,952
1,128,1000000,32,0,954
1,128,1000000,32,0,957
1,128,1000000,32,0,960
1,128,1000000,32,0,963
1,128,1000000,32,0,1197
1,128,1000000,32,0,1206
1,128,1000000,32,0,1209
1,128,1000000,32,0,1213
1,128,1000000,32,0,1216
1,128,1000000,32,0,1219
1,128,1000000,32,0,1222
1,128,1000000,32,0,1225
1,128,1000000,32,0,1229
1,128,1000000,32,0,1232
1,128,1000000,32,0,1236
1,128,1000000,32,0,1239
1,128,1000000,32,0,1242
1,128,1000000,32,0,1246
1,128,1000000,32,0,1248
1,128,1000000,32,0,1283
1,128,1000000,32,0,1511
1,128,1000000,32,0,1520
1,128,1000000,32,0,1523
1,128,1000000,32,0,1526
1,128,1000000,32,0,1529
1,128,1000000,32,0,1532
1,128,1000000,32,0,1534
1,128,1000000,32,0,1537
1,128,1000000,32,0,1540
1,128,1000000,32,0,1543
1,128,1000000,32,0,1545
1,128,1000000,32,0,1909
1,128,1000000,32,0,1922
1,128,1000000,32,0,1925
1,128,1000000,32,0,1928
1,128,1000000,32,0,1931
1,128,1000000,32,0,1934
1,128,1000000,32,0,1936
1,128,1000000,32,0,1939
1,128,1000000,32,0,1941
1,128,1000000,32,0,1960
1,128,1000000,32,0,1963
1,128,1000000,32,0,1966
1,128,1000000,32,0,1973
1,128,1000000,32,0,2028
1,128,1000000,32,0,2034
1,128,1000000,32,0,2037
1,128,1000000,32,0,2039
1,128,1000000,32,0,2042
1,128,1000000,32,0,2045
1,128,1000000,32,0,2047
1,128,1000000,32,0,2057
1,128,1000000,32,0,2060
1,128,1000000,32,0,2067
1,128,1000000,32,0,2081
1,128,1000000,32,0,2084
1,128,1000000,32,0,2095
1,128,1000000,32,0,2103
1,128,1000000,32,0,2113
1,128,1000000,32,0,2116
1,128,1000000,32,0,2127
1,128,1000000,32,0,2133
1,128,1000000,32,0,2163
1,128,1000000,32,0,2172
1,128,1000000,32,0,2175
1,128,1000000,32,0,2177
1,128,1000000,32,0,2180
1,128,1000000,32,0,2183
1,128,1000000,32,0,2186
1,128,1000000,32,0,2188
1,128,1000000,32,0,2191
1,128,1000000,32,0,2194
1,128,1000000,32,0,2196
1,128,1000000,32,0,2199
1,128,1000000,32,0,2202
1,128,1000000,32,0,2204
1,128,1000000,32,0,2222
1,128,1000000,32,0,2225
1,128,1000000,32,0,2228
1,128,1000000,32,0,2230
1,128,1000000,32,0,2233
1,128,1000000,32,0,2235
1,128,1000000,32,0,2238
1,128,1000000,32,0,2241
1,128,1000000,32,0,2244
1,128,1000000,32,0,2246
1,128,1000000,32,0,2249
1,128,1000000,32,0,2260
1,128,1000000,32,0,2264
1,128,1000000,32,0,2267
1,128,1000000,32,0,2270
1,128,1000000,32,0,2282
1,128,1000000,32,0,2285
1,128,1000000,32,0,2288
1,128,1000000,32,0,2291
1,128,1000000,32,0,2293
1,128,1000000,32,0,2296
1,128,1000000,32,0,2300
1,128,1000000,32,0,2303
1,128,1000000,32,0,2306
1,128,1000000,32,0,2309
1,128,1000000,32,0,2311
1,128,1000000,32,0,2314
1,128,1000000,32,0,2317
1,128,1000000,32,0,2319
1,128,1000000,32,0,2322
1,128,1000000,32,0,2325
1,128,1000000,32,0,2328
1,128,1000000,32,0,2331
1,128,1000000,32,0,2341
1,128,1000000,32,0,2344
1,128,1000000,32,0,2358
1,128,1000000,32,0,2361
1,128,1000000,32,0,2364
1,128,1000000,32,0,2367
1,128,1000000,32,0,2379
1,128,1000000,32,0,1331
1,128,1000000,32,0,1372
1,128,1000000,32,0,1376
1,128,1000000,32,0,1379
1,128,1000000,32,0,1383
1,128,1000000,32,0,1386
1,128,1000000,32,0,1389
1,128,1000000,32,0,1391
1,128,1000000,32,0,1394
1,128,1000000,32,0,1397
1,128,1000000,32,0,1400
1,128,1000000,32,0,1402
1,128,1000000,32,0,1405
1,128,1000000,32,0,1408
1,128,1000000,32,0,1411
1,128,1000000,32,0,1414
1,128,1000000,32,0,1432
1,128,1000000,32,0,1436
1,128,1000000,32,0,1440
1,128,1000000,32,0,1443
1,128,1000000,32,0,1446
1,128,1000000,32,0,1449
1,128,1000000,32,0,1452
1,128,1000000,32,0,1455
1,128,1000000,32,0,1476
1,128,1000000,32,0,1480
1,128,1000000,32,0,1483
1,128,1000000,32,0,1625
1,128,1000000,32,0,1648
1,128,1000000,32,0,1653
1,128,1000000,32,0,1656
1,128,1000000,32,0,1659
1,128,1000000,32,0,1663
1,128,1000000,32,0,1666
1,128,1000000,32,0,1669
1,128,1000000,32,0,1673
1,128,1000000,32,0,1676
1,128,1000000,32,0,1679
1,128,1000000,32,0,1682
1,128,1000000,32,0,1685
1,128,1000000,32,0,1688
1,128,1000000,32,0,1692
1,128,1000000,32,0,1695
1,128,1000000,32,0,1698
1,128,1000000,32,0,1701
1,128,1000000,32,0,1704
1,128,1000000,32,0,1706
1,128,1000000,32,0,1709
1,128,1000000,32,0,1712
1,128,1000000,32,0,1715
1,128,1000000,32,0,1717
1,128,1000000,32,0,1720
1,128,1000000,32,0,1723
1,128,1000000,32,0,1725
1,128,1000000,32,0,1728
1,128,1000000,32,0,1730
1,128,1000000,32,0,1733
1,128,1000000,32,0,1736
1,128,1000000,32,0,1738
1,128,1000000,32,0,1741
1,128,1000000,32,0,1744
1,128,1000000,32,0,2074
1,128,1000000,32,0,2085
1,128,1000000,32,0,2089
1,128,1000000,32,0,2123
1,128,1000000,32,0,2133
1,128,1000000,32,0,2137
1,128,1000000,32,0,2139
1,128,1000000,32,0,2142
1,128,1000000,32,0,2153
1,128,1000000,32,0,2156
1,128,1000000,32,0,2159
1,128,1000000,32,0,2226
1,128,1000000,32,0,2232
1,128,1000000,32,0,2235
1,128,1000000,32,0,2238
1,128,1000000,32,0,2241
1,128,1000000,32,0,2244
1,128,1000000,32,0,2246
1,128,1000000,32,0,2249
1,128,1000000,32,0,2252
1,128,1000000,32,0,2254
1,128,1000000,32,0,2258
1,128,1000000,32,0,2261
1,128,1000000,32,0,2271
1,128,1000000,32,0,2275
1,128,1000000,32,0,2278
1,128,1000000,32,0,2280
1,128,1000000,32,0,2283
1,128,1000000,32,0,2286
1,128,1000000,32,0,2288
1,128,1000000,32,0,2291
1,128,1000000,32,0,2294
1,128,1000000,32,0,2296
1,128,1000000,32,0,2299
1,128,1000000,32,0,2301
1,128,1000000,32,0,2304
1,128,1000000,32,0,2306
1,128,1000000,32,0,2310
1,128,1000000,32,0,2312
1,128,1000000,32,0,2315
1,128,1000000,32,0,2318
1,128,1000000,32,0,2321
1,128,1000000,32,0,2323
1,128,1000000,32,0,2327
1,128,1000000,32,0,2329
1,128,1000000,32,0,2332
1,128,1000000,32,0,2335
1,128,1000000,32,0,2338
1,128,1000000,32,0,2341
1,128,1000000,32,0,2344
1,128,1000000,32,0,2347
1,128,1000000,32,0,2350
1,128,1000000,32,0,2353
1,128,1000000,32,0,2355
1,128,1000000,32,0,2358
1,128,1000000,32,0,2361
1,128,1000000,32,0,2364
1,128,1000000,32,0,2381
1,128,1000000,32,0,2388
1,128,1000000,32,0,2391
1,128,1000000,32,0,2394
1,128,1000000,32,0,2397
1,128,1000000,32,0,2399
1,128,1000000,32,0,2401
1,128,1000000,32,0,2403
1,128,1000000,32,0,2405
1,128,1000000,32,0,2418
1,128,1000000,32,0,1699
1,128,1000000,32,0,1837
1,128,1000000,32,0,1843
1,128,1000000,32,0,1847
1,128,1000000,32,0,1849
1,128,1000000,32,0,1852
1,128,1000000,32,0,1855
1,128,1000000,32,0,1858
1,128,1000000,32,0,1861
1,128,1000000,32,0,1863
1,128,1000000,32,0,1903
1,128,1000000,32,0,1907
1,128,1000000,32,0,1910
1,128,1000000,32,0,1913
1,128,1000000,32,0,1915
1,128,1000000,32,0,1918
1,128,1000000,32,0,1920
1,128,1000000,32,0,1923
1,128,1000000,32,0,1926
1,128,1000000,32,0,1928
1,128,1000000,32,0,1931
1,128,1000000,32,0,1934
1,128,1000000,32,0,1936
1,128,1000000,32,0,2033
1,128,1000000,32,0,2039
1,128,1000000,32,0,2042
1,128,1000000,32,0,2045
1,128,1000000,32,0,2047
1,128,1000000,32,0,2050
1,128,1000000,32,0,2053
1,128,1000000,32,0,2055
1,128,1000000,32,0,2058
1,128,1000000,32,0,2060
1,128,1000000,32,0,2063
1,128,1000000,32,0,2065
1,128,1000000,32,0,2068
1,128,1000000,32,0,2071
1,128,1000000,32,0,2073
1,128,1000000,32,0,2076
1,128,1000000,32,0,2080
1,128,1000000,32,0,2082
1,128,1000000,32,0,2085
1,128,1000000,32,0,2101
1,128,1000000,32,0,2104
1,128,1000000,32,0,2107
1,128,1000000,32,0,2109
1,128,1000000,32,0,2111
1,128,1000000,32,0,2114
1,128,1000000,32,0,2116
1,128,1000000,32,0,2267
1,128,1000000,32,0,2272
1,128,1000000,32,0,2276
1,128,1000000,32,0,2278
1,128,1000000,32,0,2281
1,128,1000000,32,0,2284
1,128,1000000,32,0,2287
1,128,1000000,32,0,2291
1,128,1000000,32,0,2294
1,128,1000000,32,0,2296
1,128,1000000,32,0,2299
1,128,1000000,32,0,2302
1,128,1000000,32,0,2317
1,128,1000000,32,0,2321
1,128,1000000,32,0,2324
1,128,1000000,32,0,2327
1,128,1000000,32,0,2329
1,128,1000000,32,0,2332
1,128,1000000,32,0,2335
1,128,1000000,32,0,2338
1,128,1000000,32,0,2340
1,128,1000000,32,0,2343
1,128,1000000,32,0,2346
1,128,1000000,32,0,2348
1,128,1000000,32,0,2351
1,128,1000000,32,0,2354
1,128,1000000,32,0,2357
1,128,1000000,32,0,2360
1,128,1000000,32,0,2362
1,128,1000000,32,0,2365
1,128,1000000,32,0,2368
1,128,1000000,32,0,2370
1,128,1000000,32,0,2373
1,128,1000000,32,0,2376
1,128,1000000,32,0,2379
1,128,1000000,32,0,2381
1,128,1000000,32,0,2384
1,128,1000000,32,0,2387
1,128,1000000,32,0,2390
1,128,1000000,32,0,2393
1,128,1000000,32,0,2395
1,128,1000000,32,0,2398
1,128,1000000,32,0,2401
1,128,1000000,32,0,2403
1,128,1000000,32,0,2406
1,128,1000000,32,0,2409
1,128,1000000,32,0,2412
1,128,1000000,32,0,2415
1,128,1000000,32,0,2418
1,128,1000000,32,0,2420
1,128,1000000,32,0,2423
1,128,1000000,32,0,2426
1,128,1000000,32,0,2429
1,128,1000000,32,0,2431
1,128,1000000,32,0,2434
1,128,1000000,32,0,2437
1,128,1000000,32,0,2440
1,128,1000000,32,0,2443
1,128,1000000,32,0,2445
1,128,1000000,32,0,2448
1,128,1000000,32,0,2450
1,128,1000000,32,0,2453
1,128,1000000,32,0,2456
1,128,1000000,32,0,2459
1,128,1000000,32,0,2464
1,128,1000000,32,0,2467
1,128,1000000,32,0,2470
1,128,1000000,32,0,2473
1,128,1000000,32,0,2475
1,128,1000000,32,0,2478
1,128,1000000,32,0,2481
1,128,1000000,32,0,2484
1,128,1000000,32,0,2486
1,128,1000000,32,0,2489
1,128,1000000,32,0,2492
1,128,1000000,32,0,2494
1,128,1000000,32,0,2497
1,128,1000000,32,0,2500
1,128,1000000,32,0,2502
1,128,1000000,32,0,876
1,128,1000000,32,0,1878
1,128,1000000,32,0,1890
1,128,1000000,32,0,1893
1,128,1000000,32,0,1896
1,128,1000000,32,0,1899
1,128,1000000,32,0,1902
1,128,1000000,32,0,1905
1,128,1000000,32,0,1908
1,128,1000000,32,0,1910
1,128,1000000,32,0,1913
1,128,1000000,32,0,1915
1,128,1000000,32,0,1918
1,128,1000000,32,0,1921
1,128,1000000,32,0,1924
1,128,1000000,32,0,1926
1,128,1000000,32,0,1929
1,128,1000000,32,0,1931
1,128,1000000,32,0,1934
1,128,1000000,32,0,1937
1,128,1000000,32,0,1939
1,128,1000000,32,0,1942
1,128,1000000,32,0,1944
1,128,1000000,32,0,1947
1,128,1000000,32,0,1951
1,128,1000000,32,0,1954
1,128,1000000,32,0,1957
1,128,1000000,32,0,1960
1,128,1000000,32,0,1963
1,128,1000000,32,0,1968
1,128,1000000,32,0,1972
1,128,1000000,32,0,1976
1,128,1000000,32,0,1989
1,128,1000000,32,0,1993
1,128,1000000,32,0,1996
1,128,1000000,32,0,1999
1,128,1000000,32,0,2002
1,128,1000000,32,0,2025
1,128,1000000,32,0,2029
1,128,1000000,32,0,2032
1,128,1000000,32,0,2035
1,128,1000000,32,0,2037
1,128,1000000,32,0,2040
1,128,1000000,32,0,2043
1,128,1000000,32,0,2063
1,128,1000000,32,0,2066
1,128,1000000,32,0,2069
1,128,1000000,32,0,2073
1,128,1000000,32,0,2076
1,128,1000000,32,0,2079
1,128,1000000,32,0,2082
1,128,1000000,32,0,2085
1,128,1000000,32,0,2088
1,128,1000000,32,0,2091
1,128,1000000,32,0,2094
1,128,1000000,32,0,2097
1,128,1000000,32,0,2099
1,128,1000000,32,0,2103
1,128,1000000,32,0,2106
1,128,1000000,32,0,2108
1,128,1000000,32,0,2111
1,128,1000000,32,0,2114
1,128,1000000,32,0,2116
1,128,1000000,32,0,2119
1,128,1000000,32,0,2122
1,128,1000000,32,0,2125
1,128,1000000,32,0,2127
1,128,1000000,32,0,2130
1,128,1000000,32,0,2134
1,128,1000000,32,0,2145
1,128,1000000,32,0,2149
1,128,1000000,32,0,2152
1,128,1000000,32,0,2155
1,128,1000000,32,0,2157
1,128,1000000,32,0,2161
1,128,1000000,32,0,2163
1,128,1000000,32,0,2166
1,128,1000000,32,0,2169
1,128,1000000,32,0,2172
1,128,1000000,32,0,2175
1,128,1000000,32,0,2177
1,128,1000000,32,0,2180
1,128,1000000,32,0,2183
1,128,1000000,32,0,2186
1,128,1000000,32,0,2188
1,128,1000000,32,0,2202
1,128,1000000,32,0,2205
1,128,1000000,32,0,2208
1,128,1000000,32,0,2210
1,128,1000000,32,0,2213
1,128,1000000,32,0,2216
1,128,1000000,32,0,2219
1,128,1000000,32,0,2222
1,128,1000000,32,0,2225
1,128,1000000,32,0,2228
1,128,1000000,32,0,2231
1,128,1000000,32,0,2234
1,128,1000000,32,0,2238
1,128,1000000,32,0,2241
1,128,1000000,32,0,2244
1,128,1000000,32,0,2246
1,128,1000000,32,0,2249
1,128,1000000,32,0,2252
1,128,1000000,32,0,2255
1,128,1000000,32,0,2258
1,128,1000000,32,0,2261
1,128,1000000,32,0,2265
1,128,1000000,32,0,2268
1,128,1000000,32,0,2271
1,128,1000000,32,0,2274
1,128,1000000,32,0,2277
1,128,1000000,32,0,2280
1,128,1000000,32,0,2283
1,128,1000000,32,0,2286
1,128,1000000,32,0,2289
1,128,1000000,32,0,2292
1,128,1000000,32,0,2295
1,128,1000000,32,0,2298
1,128,1000000,32,0,2301
1,128,1000000,32,0,2303
1,128,1000000,32,0,2305
1,128,1000000,32,0,2307
1,128,1000000,32,0,2309
1,128,1000000,32,0,2311
1,128,1000000,32,0,2313
1,128,1000000,32,0,2316
1,128,1000000,32,0,2351
1,128,1000000,32,0,2353
1,128,1000000,32,0,1122
1,128,1000000,32,0,1159
1,128,1000000,32,0,1163
1,128,1000000,32,0,1166
1,128,1000000,32,0,1170
1,128,1000000,32,0,1173
1,128,1000000,32,0,1176
1,128,1000000,32,0,1178
1,128,1000000,32,0,1181
1,128,1000000,32,0,1185
1,128,1000000,32,0,1187
1,128,1000000,32,0,2133
1,128,1000000,32,0,2156
1,128,1000000,32,0,2160
1,128,1000000,32,0,2163
1,128,1000000,32,0,2165
1,128,1000000,32,0,2168
1,128,1000000,32,0,2172
1,128,1000000,32,0,2175
1,128,1000000,32,0,2177
1,128,1000000,32,0,2180
1,128,1000000,32,0,2189
1,128,1000000,32,0,2192
1,128,1000000,32,0,2195
1,128,1000000,32,0,2198
1,128,1000000,32,0,2200
1,128,1000000,32,0,2203
1,128,1000000,32,0,2206
1,128,1000000,32,0,2209
1,128,1000000,32,0,2212
1,128,1000000,32,0,2214
1,128,1000000,32,0,2217
1,128,1000000,32,0,2220
1,128,1000000,32,0,2224
1,128,1000000,32,0,2229
1,128,1000000,32,0,2234
1,128,1000000,32,0,2239
1,128,1000000,32,0,2243
1,128,1000000,32,0,2245
1,128,1000000,32,0,2249
1,128,1000000,32,0,2251
1,128,1000000,32,0,2254
1,128,1000000,32,0,2257
1,128,1000000,32,0,2260
1,128,1000000,32,0,2264
1,128,1000000,32,0,2268
1,128,1000000,32,0,2271
1,128,1000000,32,0,2274
1,128,1000000,32,0,2277
1,128,1000000,32,0,2280
1,128,1000000,32,0,2283
1,128,1000000,32,0,2286
1,128,1000000,32,0,2289
1,128,1000000,32,0,2292
1,128,1000000,32,0,2295
1,128,1000000,32,0,2298
1,128,1000000,32,0,2300
1,128,1000000,32,0,2303
1,128,1000000,32,0,2306
1,128,1000000,32,0,2308
1,128,1000000,32,0,2311
1,128,1000000,32,0,2314
1,128,1000000,32,0,2317
1,128,1000000,32,0,2319
1,128,1000000,32,0,2322
1,128,1000000,32,0,2325
1,128,1000000,32,0,2327
1,128,1000000,32,0,2330
1,128,1000000,32,0,2333
1,128,1000000,32,0,2336
1,128,1000000,32,0,2339
1,128,1000000,32,0,2342
1,128,1000000,32,0,2346
1,128,1000000,32,0,2349
1,128,1000000,32,0,2353
1,128,1000000,32,0,2356
1,128,1000000,32,0,2359
1,128,1000000,32,0,2362
1,128,1000000,32,0,2365
1,128,1000000,32,0,2369
1,128,1000000,32,0,2372
1,128,1000000,32,0,2375
1,128,1000000,32,0,2378
1,128,1000000,32,0,2380
1,128,1000000,32,0,2383
1,128,1000000,32,0,2386
1,128,1000000,32,0,2389
1,128,1000000,32,0,2392
1,128,1000000,32,0,2395
1,128,1000000,32,0,2397
1,128,1000000,32,0,2400
1,128,1000000,32,0,2403
1,128,1000000,32,0,2406
1,128,1000000,32,0,2409
1,128,1000000,32,0,2411
1,128,1000000,32,0,2415
1,128,1000000,32,0,2424
1,128,1000000,32,0,2429
1,128,1000000,32,0,2432
1,128,1000000,32,0,2435
1,128,1000000,32,0,2438
1,128,1000000,32,0,2442
1,128,1000000,32,0,2445
1,128,1000000,32,0,2448
1,128,1000000,32,0,2450
1,128,1000000,32,0,2452
1,128,1000000,32,0,2454
1,128,1000000,32,0,2458
1,128,1000000,32,0,2460
1,128,1000000,32,0,2463
1,128,1000000,32,0,2465
1,128,1000000,32,0,2467
1,128,1000000,32,0,2469
1,128,1000000,32,0,2471
1,128,1000000,32,0,2473
1,128,1000000,32,0,2475
1,128,1000000,32,0,2478
1,128,1000000,32,0,2481
1,128,1000000,32,0,2485
1,128,1000000,32,0,2488
1,128,1000000,32,0,2490
1,128,1000000,32,0,2494
1,128,1000000,32,0,2497
1,128,1000000,32,0,2500
1,128,1000000,32,0,2504
1,128,1000000,32,0,2507
1,128,1000000,32,0,2510
1,128,1000000,32,0,2522
1,128,1000000,32,0,1417
1,128,1000000,32,0,1453
1,128,1000000,32,0,1458
1,128,1000000,32,0,1461
1,128,1000000,32,0,1464
1,128,1000000,32,0,1467
1,128,1000000,32,0,1469
1,128,1000000,32,0,1472
1,128,1000000,32,0,1475
1,128,1000000,32,0,1477
1,128,1000000,32,0,1480
1,128,1000000,32,0,1482
1,128,1000000,32,0,1485
1,128,1000000,32,0,1488
1,128,1000000,32,0,1491
1,128,1000000,32,0,1493
1,128,1000000,32,0,1496
1,128,1000000,32,0,1499
1,128,1000000,32,0,1502
1,128,1000000,32,0,1505
1,128,1000000,32,0,1508
1,128,1000000,32,0,1512
1,128,1000000,32,0,1515
1,128,1000000,32,0,1517
1,128,1000000,32,0,1520
1,128,1000000,32,0,1524
1,128,1000000,32,0,1526
1,128,1000000,32,0,1528
1,128,1000000,32,0,1531
1,128,1000000,32,0,1534
1,128,1000000,32,0,1536
1,128,1000000,32,0,1539
1,128,1000000,32,0,2017
1,128,1000000,32,0,2032
1,128,1000000,32,0,2036
1,128,1000000,32,0,2039
1,128,1000000,32,0,2043
1,128,1000000,32,0,2046
1,128,1000000,32,0,2049
1,128,1000000,32,0,2052
1,128,1000000,32,0,2054
1,128,1000000,32,0,2059
1,128,1000000,32,0,2061
1,128,1000000,32,0,2064
1,128,1000000,32,0,2067
1,128,1000000,32,0,2070
1,128,1000000,32,0,2073
1,128,1000000,32,0,2084
1,128,1000000,32,0,2088
1,128,1000000,32,0,2091
1,128,1000000,32,0,2095
1,128,1000000,32,0,2098
1,128,1000000,32,0,2101
1,128,1000000,32,0,2103
1,128,1000000,32,0,2106
1,128,1000000,32,0,2109
1,128,1000000,32,0,2112
1,128,1000000,32,0,2115
1,128,1000000,32,0,2118
1,128,1000000,32,0,2121
1,128,1000000,32,0,2125
1,128,1000000,32,0,2127
1,128,1000000,32,0,2130
1,128,1000000,32,0,2133
1,128,1000000,32,0,2136
1,128,1000000,32,0,2138
1,128,1000000,32,0,2141
1,128,1000000,32,0,2144
1,128,1000000,32,0,2146
1,128,1000000,32,0,2149
1,128,1000000,32,0,2152
1,128,1000000,32,0,2155
1,128,1000000,32,0,2158
1,128,1000000,32,0,2160
1,128,1000000,32,0,2163
1,128,1000000,32,0,2166
1,128,1000000,32,0,2169
1,128,1000000,32,0,2171
1,128,1000000,32,0,2174
1,128,1000000,32,0,2177
1,128,1000000,32,0,2180
1,128,1000000,32,0,2182
1,128,1000000,32,0,2185
1,128,1000000,32,0,2188
1,128,1000000,32,0,2191
1,128,1000000,32,0,2194
1,128,1000000,32,0,2197
1,128,1000000,32,0,2200
1,128,1000000,32,0,2203
1,128,1000000,32,0,2206
1,128,1000000,32,0,2299
1,128,1000000,32,0,2316
1,128,1000000,32,0,2321
1,128,1000000,32,0,2324
1,128,1000000,32,0,2328
1,128,1000000,32,0,2332
1,128,1000000,32,0,2335
1,128,1000000,32,0,2338
1,128,1000000,32,0,2341
1,128,1000000,32,0,2344
1,128,1000000,32,0,2347
1,128,1000000,32,0,2350
1,128,1000000,32,0,2353
1,128,1000000,32,0,2356
1,128,1000000,32,0,2359
1,128,1000000,32,0,2362
1,128,1000000,32,0,2365
1,128,1000000,32,0,2368
1,128,1000000,32,0,2370
1,128,1000000,32,0,2373
1,128,1000000,32,0,2376
1,128,1000000,32,0,2379
1,128,1000000,32,0,2387
1,128,1000000,32,0,2390
1,128,1000000,32,0,2393
1,128,1000000,32,0,2396
1,128,1000000,32,0,2398
1,128,1000000,32,0,2401
1,128,1000000,32,0,2404
1,128,1000000,32,0,2407
1,128,1000000,32,0,2410
1,128,1000000,32,0,2413
1,128,1000000,32,0,2416
1,128,1000000,32,0,2418
1,128,1000000,32,0,2421
1,128,1000000,32,0,2424
1,128,1000000,32,0,2427
1,128,1000000,32,0,2430
1,128,1000000,32,0,1468
1,128,1000000,32,0,1509
1,128,1000000,32,0,1512
1,128,1000000,32,0,1515
1,128,1000000,32,0,1518
1,128,1000000,32,0,1520
1,128,1000000,32,0,1523
1,128,1000000,32,0,1525
1,128,1000000,32,0,1528
1,128,1000000,32,0,1530
1,128,1000000,32,0,2025
1,128,1000000,32,0,2148
1,128,1000000,32,0,2152
1,128,1000000,32,0,2158
1,128,1000000,32,0,2161
1,128,1000000,32,0,2164
1,128,1000000,32,0,2167
1,128,1000000,32,0,2169
1,128,1000000,32,0,2172
1,128,1000000,32,0,2175
1,128,1000000,32,0,2177
1,128,1000000,32,0,2180
1,128,1000000,32,0,2182
1,128,1000000,32,0,2185
1,128,1000000,32,0,2187
1,128,1000000,32,0,2190
1,128,1000000,32,0,2192
1,128,1000000,32,0,2195
1,128,1000000,32,0,2197
1,128,1000000,32,0,2200
1,128,1000000,32,0,2203
1,128,1000000,32,0,2205
1,128,1000000,32,0,2208
1,128,1000000,32,0,2210
1,128,1000000,32,0,2213
1,128,1000000,32,0,2216
1,128,1000000,32,0,2219
1,128,1000000,32,0,2221
1,128,1000000,32,0,2224
1,128,1000000,32,0,2226
1,128,1000000,32,0,2229
1,128,1000000,32,0,2232
1,128,1000000,32,0,2258
1,128,1000000,32,0,2262
1,128,1000000,32,0,2265
1,128,1000000,32,0,2268
1,128,1000000,32,0,2270
1,128,1000000,32,0,2273
1,128,1000000,32,0,2276
1,128,1000000,32,0,2278
1,128,1000000,32,0,2281
1,128,1000000,32,0,2284
1,128,1000000,32,0,2287
1,128,1000000,32,0,2309
1,128,1000000,32,0,2312
1,128,1000000,32,0,2321
1,128,1000000,32,0,2324
1,128,1000000,32,0,2326
1,128,1000000,32,0,2329
1,128,1000000,32,0,2332
1,128,1000000,32,0,2336
1,128,1000000,32,0,2339
1,128,1000000,32,0,2350
1,128,1000000,32,0,2353
1,128,1000000,32,0,2357
1,128,1000000,32,0,2359
1,128,1000000,32,0,2362
1,128,1000000,32,0,2365
1,128,1000000,32,0,2368
1,128,1000000,32,0,2371
1,128,1000000,32,0,2374
1,128,1000000,32,0,2377
1,128,1000000,32,0,2381
1,128,1000000,32,0,2384
1,128,1000000,32,0,2386
1,128,1000000,32,0,2389
1,128,1000000,32,0,2393
1,128,1000000,32,0,2395
1,128,1000000,32,0,2398
1,128,1000000,32,0,2401
1,128,1000000,32,0,2404
1,128,1000000,32,0,2407
1,128,1000000,32,0,2410
1,128,1000000,32,0,2412
1,128,1000000,32,0,2415
1,128,1000000,32,0,2419
1,128,1000000,32,0,2422
1,128,1000000,32,0,2424
1,128,1000000,32,0,2428
1,128,1000000,32,0,2432
1,128,1000000,32,0,2436
1,128,1000000,32,0,2438
1,128,1000000,32,0,2441
1,128,1000000,32,0,2445
1,128,1000000,32,0,2448
1,128,1000000,32,0,2451
1,128,1000000,32,0,2454
1,128,1000000,32,0,2457
1,128,1000000,32,0,2459
1,128,1000000,32,0,2463
1,128,1000000,32,0,2465
1,128,1000000,32,0,2467
1,128,1000000,32,0,2470
1,128,1000000,32,0,2473
1,128,1000000,32,0,2476
1,128,1000000,32,0,2479
1,128,1000000,32,0,2482
1,128,1000000,32,0,2485
1,128,1000000,32,0,2487
1,128,1000000,32,0,2489
1,128,1000000,32,0,2491
1,128,1000000,32,0,2493
1,128,1000000,32,0,2495
1,128,1000000,32,0,2497
1,128,1000000,32,0,2499
1,128,1000000,32,0,2501
1,128,1000000,32,0,2503
1,128,1000000,32,0,2505
1,128,1000000,32,0,2507
1,128,1000000,32,0,2509
1,128,1000000,32,0,2511
1,128,1000000,32,0,2513
1,128,1000000,32,0,2515
1,128,1000000,32,0,2517
1,128,1000000,32,0,2519
1,128,1000000,32,0,2520
1,128,1000000,32,0,2522
1,128,1000000,32,0,2524
1,128,1000000,32,0,833
1,128,1000000,32,0,875
1,128,1000000,32,0,879
1,128,1000000,32,0,882
1,128,1000000,32,0,885
1,128,1000000,32,0,888
1,128,1000000,32,0,1017
1,128,1000000,32,0,1024
1,128,1000000,32,0,1028
1,128,1000000,32,0,1030
1,128,1000000,32,0,1835
1,128,1000000,32,0,1856
1,128,1000000,32,0,1859
1,128,1000000,32,0,1862
1,128,1000000,32,0,1865
1,128,1000000,32,0,1867
1,128,1000000,32,0,1870
1,128,1000000,32,0,1873
1,128,1000000,32,0,1876
1,128,1000000,32,0,1879
1,128,1000000,32,0,1882
1,128,1000000,32,0,1884
1,128,1000000,32,0,1890
1,128,1000000,32,0,1894
1,128,1000000,32,0,1926
1,128,1000000,32,0,1930
1,128,1000000,32,0,1933
1,128,1000000,32,0,1943
1,128,1000000,32,0,1947
1,128,1000000,32,0,1949
1,128,1000000,32,0,1952
1,128,1000000,32,0,1960
1,128,1000000,32,0,1963
1,128,1000000,32,0,1971
1,128,1000000,32,0,1974
1,128,1000000,32,0,1981
1,128,1000000,32,0,1989
1,128,1000000,32,0,1992
1,128,1000000,32,0,1995
1,128,1000000,32,0,1998
1,128,1000000,32,0,2008
1,128,1000000,32,0,2011
1,128,1000000,32,0,2015
1,128,1000000,32,0,2018
1,128,1000000,32,0,2021
1,128,1000000,32,0,2031
1,128,1000000,32,0,2034
1,128,1000000,32,0,2039
1,128,1000000,32,0,2049
1,128,1000000,32,0,2052
1,128,1000000,32,0,2055
1,128,1000000,32,0,2058
1,128,1000000,32,0,2066
1,128,1000000,32,0,2069
1,128,1000000,32,0,2072
1,128,1000000,32,0,2082
1,128,1000000,32,0,2085
1,128,1000000,32,0,2088
1,128,1000000,32,0,2102
1,128,1000000,32,0,2122
1,128,1000000,32,0,2133
1,128,1000000,32,0,2151
1,128,1000000,32,0,2156
1,128,1000000,32,0,2202
1,128,1000000,32,0,2232
1,128,1000000,32,0,2236
1,128,1000000,32,0,2239
1,128,1000000,32,0,2243
1,128,1000000,32,0,2246
1,128,1000000,32,0,2249
1,128,1000000,32,0,2252
1,128,1000000,32,0,2254
1,128,1000000,32,0,2261
1,128,1000000,32,0,2264
1,128,1000000,32,0,2266
1,128,1000000,32,0,2269
1,128,1000000,32,0,2272
1,128,1000000,32,0,2274
1,128,1000000,32,0,2302
1,128,1000000,32,0,2307
1,128,1000000,32,0,2310
1,128,1000000,32,0,2313
1,128,1000000,32,0,2318
1,128,1000000,32,0,2321
1,128,1000000,32,0,2325
1,128,1000000,32,0,2343
1,128,1000000,32,0,2347
1,128,1000000,32,0,2350
1,128,1000000,32,0,2353
1,128,1000000,32,0,2356
1,128,1000000,32,0,2359
1,128,1000000,32,0,2362
1,128,1000000,32,0,2364
1,128,1000000,32,0,2386
1,128,1000000,32,0,2390
1,128,1000000,32,0,2393
1,128,1000000,32,0,2395
1,128,1000000,32,0,2398
1,128,1000000,32,0,2401
1,128,1000000,32,0,2410
1,128,1000000,32,0,2412
1,128,1000000,32,0,2414
1,128,1000000,32,0,2416
1,128,1000000,32,0,2418
1,128,1000000,32,0,2420
1,128,1000000,32,0,2423
1,128,1000000,32,0,2425
1,128,1000000,32,0,2428
1,128,1000000,32,0,2431
1,128,1000000,32,0,2434
1,128,1000000,32,0,2437
1,128,1000000,32,0,2440
1,128,1000000,32,0,2443
1,128,1000000,32,0,2446
1,128,1000000,32,0,2449
1,128,1000000,32,0,2452
1,128,1000000,32,0,2455
1,128,1000000,32,0,2458
1,128,1000000,32,0,2460
1,128,1000000,32,0,2462
1,128,1000000,32,0,2464
1,128,1000000,32,0,2467
1,128,1000000,32,0,2469
1,128,1000000,32,0,2471
1,128,1000000,32,0,2473
1,128,1000000,32,0,2476
1,128,1000000,32,0,2478
1,128,1000000,32,0,2485
1,128,1000000,32,0,1902
1,128,1000000,32,0,1938
1,128,1000000,32,0,1945
1,128,1000000,32,0,1948
1,128,1000000,32,0,1951
1,128,1000000,32,0,1955
1,128,1000000,32,0,1958
1,128,1000000,32,0,1961
1,128,1000000,32,0,1964
1,128,1000000,32,0,1966
1,128,1000000,32,0,1969
1,128,1000000,32,0,1972
1,128,1000000,32,0,1974
1,128,1000000,32,0,1976
1,128,1000000,32,0,1980
1,128,1000000,32,0,1984
1,128,1000000,32,0,1987
1,128,1000000,32,0,1992
1,128,1000000,32,0,1995
1,128,1000000,32,0,1998
1,128,1000000,32,0,2001
1,128,1000000,32,0,2006
1,128,1000000,32,0,2009
1,128,1000000,32,0,2013
1,128,1000000,32,0,2017
1,128,1000000,32,0,2021
1,128,1000000,32,0,2024
1,128,1000000,32,0,2028
1,128,1000000,32,0,2031
1,128,1000000,32,0,2034
1,128,1000000,32,0,2038
1,128,1000000,32,0,2041
1,128,1000000,32,0,2045
1,128,1000000,32,0,2048
1,128,1000000,32,0,2051
1,128,1000000,32,0,2055
1,128,1000000,32,0,2057
1,128,1000000,32,0,2061
1,128,1000000,32,0,2063
1,128,1000000,32,0,2066
1,128,1000000,32,0,2069
1,128,1000000,32,0,2072
1,128,1000000,32,0,2075
1,128,1000000,32,0,2079
1,128,1000000,32,0,2081
1,128,1000000,32,0,2085
1,128,1000000,32,0,2088
1,128,1000000,32,0,2091
1,128,1000000,32,0,2094
1,128,1000000,32,0,2097
1,128,1000000,32,0,2100
1,128,1000000,32,0,2104
1,128,1000000,32,0,2107
1,128,1000000,32,0,2110
1,128,1000000,32,0,2113
1,128,1000000,32,0,2116
1,128,1000000,32,0,2119
1,128,1000000,32,0,2122
1,128,1000000,32,0,2125
1,128,1000000,32,0,2129
1,128,1000000,32,0,2132
1,128,1000000,32,0,2135
1,128,1000000,32,0,2138
1,128,1000000,32,0,2141
1,128,1000000,32,0,2145
1,128,1000000,32,0,2147
1,128,1000000,32,0,2151
1,128,1000000,32,0,2154
1,128,1000000,32,0,2158
1,128,1000000,32,0,2161
1,128,1000000,32,0,2164
1,128,1000000,32,0,2174
1,128,1000000,32,0,2177
1,128,1000000,32,0,2180
1,128,1000000,32,0,2182
1,128,1000000,32,0,2185
1,128,1000000,32,0,2188
1,128,1000000,32,0,2191
1,128,1000000,32,0,2193
1,128,1000000,32,0,2196
1,128,1000000,32,0,2199
1,128,1000000,32,0,2202
1,128,1000000,32,0,2205
1,128,1000000,32,0,2208
1,128,1000000,32,0,2211
1,128,1000000,32,0,2214
1,128,1000000,32,0,2216
1,128,1000000,32,0,2219
1,128,1000000,32,0,2222
1,128,1000000,32,0,2225
1,128,1000000,32,0,2228
1,128,1000000,32,0,2230
1,128,1000000,32,0,2232
1,128,1000000,32,0,2235
1,128,1000000,32,0,2238
1,128,1000000,32,0,2241
1,128,1000000,32,0,2244
1,128,1000000,32,0,2248
1,128,1000000,32,0,2251
1,128,1000000,32,0,2254
1,128,1000000,32,0,2257
1,128,1000000,32,0,2259
1,128,1000000,32,0,2262
1,128,1000000,32,0,2265
1,128,1000000,32,0,2268
1,128,1000000,32,0,2271
1,128,1000000,32,0,2273
1,128,1000000,32,0,2276
1,128,1000000,32,0,2279
1,128,1000000,32,0,2282
1,128,1000000,32,0,2285
1,128,1000000,32,0,2288
1,128,1000000,32,0,2290
1,128,1000000,32,0,2294
1,128,1000000,32,0,2316
1,128,1000000,32,0,2324
1,128,1000000,32,0,2327
1,128,1000000,32,0,2330
1,128,1000000,32,0,2333
1,128,1000000,32,0,2337
1,128,1000000,32,0,2339
1,128,1000000,32,0,2365
1,128,1000000,32,0,2370
1,128,1000000,32,0,2388
1,128,1000000,32,0,2414
1,128,1000000,32,0,2417
1,128,1000000,32,0,2418
1,128,1000000,32,0,2424
1,128,1000000,32,0,1066
1,128,1000000,32,0,1102
1,128,1000000,32,0,1105
1,128,1000000,32,0,1108
1,128,1000000,32,0,1111
1,128,1000000,32,0,1115
1,128,1000000,32,0,1117
1,128,1000000,32,0,1120
1,128,1000000,32,0,1123
1,128,1000000,32,0,1125
1,128,1000000,32,0,1128
1,128,1000000,32,0,1131
1,128,1000000,32,0,1134
1,128,1000000,32,0,1137
1,128,1000000,32,0,1139
1,128,1000000,32,0,1146
1,128,1000000,32,0,1149
1,128,1000000,32,0,1152
1,128,1000000,32,0,1154
1,128,1000000,32,0,1157
1,128,1000000,32,0,1159
1,128,1000000,32,0,1162
1,128,1000000,32,0,1164
1,128,1000000,32,0,1243
1,128,1000000,32,0,1250
1,128,1000000,32,0,1253
1,128,1000000,32,0,1256
1,128,1000000,32,0,1259
1,128,1000000,32,0,1262
1,128,1000000,32,0,1264
1,128,1000000,32,0,1273
1,128,1000000,32,0,1295
1,128,1000000,32,0,1299
1,128,1000000,32,0,1662
1,128,1000000,32,0,1671
1,128,1000000,32,0,2294
1,128,1000000,32,0,2308
1,128,1000000,32,0,2311
1,128,1000000,32,0,2315
1,128,1000000,32,0,2318
1,128,1000000,32,0,2320
1,128,1000000,32,0,2322
1,128,1000000,32,0,2324
1,128,1000000,32,0,2328
1,128,1000000,32,0,2333
1,128,1000000,32,0,2336
1,128,1000000,32,0,2339
1,128,1000000,32,0,2342
1,128,1000000,32,0,2346
1,128,1000000,32,0,2349
1,128,1000000,32,0,2351
1,128,1000000,32,0,2354
1,128,1000000,32,0,2358
1,128,1000000,32,0,2361
1,128,1000000,32,0,2364
1,128,1000000,32,0,2367
1,128,1000000,32,0,2371
1,128,1000000,32,0,2374
1,128,1000000,32,0,2377
1,128,1000000,32,0,2380
1,128,1000000,32,0,2386
1,128,1000000,32,0,2389
1,128,1000000,32,0,2392
1,128,1000000,32,0,2395
1,128,1000000,32,0,2398
1,128,1000000,32,0,2401
1,128,1000000,32,0,2404
1,128,1000000,32,0,2407
1,128,1000000,32,0,2409
1,128,1000000,32,0,2412
1,128,1000000,32,0,2415
1,128,1000000,32,0,2420
1,128,1000000,32,0,2425
1,128,1000000,32,0,2429
1,128,1000000,32,0,2433
1,128,1000000,32,0,2440
1,128,1000000,32,0,2443
1,128,1000000,32,0,2445
1,128,1000000,32,0,2447
1,128,1000000,32,0,2450
1,128,1000000,32,0,2453
1,128,1000000,32,0,2456
1,128,1000000,32,0,2459
1,128,1000000,32,0,2462
1,128,1000000,32,0,2465
1,128,1000000,32,0,2469
1,128,1000000,32,0,2472
1,128,1000000,32,0,2475
1,128,1000000,32,0,2478
1,128,1000000,32,0,2480
1,128,1000000,32,0,2483
1,128,1000000,32,0,2485
1,128,1000000,32,0,2487
1,128,1000000,32,0,2490
1,128,1000000,32,0,2493
1,128,1000000,32,0,2495
1,128,1000000,32,0,2497
1,128,1000000,32,0,2501
1,128,1000000,32,0,2504
1,128,1000000,32,0,2506
1,128,1000000,32,0,2509
1,128,1000000,32,0,2511
1,128,1000000,32,0,2514
1,128,1000000,32,0,2519
1,128,1000000,32,0,2522
1,128,1000000,32,0,2525
1,128,1000000,32,0,2527
1,128,1000000,32,0,2530
1,128,1000000,32,0,2533
1,128,1000000,32,0,2537
1,128,1000000,32,0,2539
1,128,1000000,32,0,2542
1,128,1000000,32,0,2545
1,128,1000000,32,0,2547
1,128,1000000,32,0,2549
1,128,1000000,32,0,2551
1,128,1000000,32,0,2553
1,128,1000000,32,0,2555
1,128,1000000,32,0,2557
1,128,1000000,32,0,2559
1,128,1000000,32,0,2561
1,128,1000000,32,0,2563
1,128,1000000,32,0,2565
1,128,1000000,32,0,2567
1,128,1000000,32,0,2569
1,128,1000000,32,0,2571
1,128,1000000,32,0,2573
1,128,1000000,32,0,2575
1,128,1000000,32,0,1823
1,128,1000000,32,0,1877
1,128,1000000,32,0,1881
1,128,1000000,32,0,1884
1,128,1000000,32,0,1887
1,128,1000000,32,0,1892
1,128,1000000,32,0,1895
1,128,1000000,32,0,1898
1,128,1000000,32,0,1900
1,128,1000000,32,0,1904
1,128,1000000,32,0,1907
1,128,1000000,32,0,1910
1,128,1000000,32,0,1913
1,128,1000000,32,0,1915
1,128,1000000,32,0,1918
1,128,1000000,32,0,1920
1,128,1000000,32,0,1923
1,128,1000000,32,0,1926
1,128,1000000,32,0,1928
1,128,1000000,32,0,1931
1,128,1000000,32,0,1933
1,128,1000000,32,0,1935
1,128,1000000,32,0,1938
1,128,1000000,32,0,1940
1,128,1000000,32,0,1943
1,128,1000000,32,0,1946
1,128,1000000,32,0,1948
1,128,1000000,32,0,1950
1,128,1000000,32,0,2084
1,128,1000000,32,0,2105
1,128,1000000,32,0,2164
1,128,1000000,32,0,2172
1,128,1000000,32,0,2176
1,128,1000000,32,0,2179
1,128,1000000,32,0,2182
1,128,1000000,32,0,2185
1,128,1000000,32,0,2188
1,128,1000000,32,0,2190
1,128,1000000,32,0,2193
1,128,1000000,32,0,2196
1,128,1000000,32,0,2199
1,128,1000000,32,0,2202
1,128,1000000,32,0,2273
1,128,1000000,32,0,2280
1,128,1000000,32,0,2284
1,128,1000000,32,0,2286
1,128,1000000,32,0,2289
1,128,1000000,32,0,2292
1,128,1000000,32,0,2296
1,128,1000000,32,0,2299
1,128,1000000,32,0,2302
1,128,1000000,32,0,2305
1,128,1000000,32,0,2308
1,128,1000000,32,0,2321
1,128,1000000,32,0,2325
1,128,1000000,32,0,2328
1,128,1000000,32,0,2330
1,128,1000000,32,0,2333
1,128,1000000,32,0,2337
1,128,1000000,32,0,2339
1,128,1000000,32,0,2342
1,128,1000000,32,0,2345
1,128,1000000,32,0,2348
1,128,1000000,32,0,2351
1,128,1000000,32,0,2353
1,128,1000000,32,0,2355
1,128,1000000,32,0,2358
1,128,1000000,32,0,2361
1,128,1000000,32,0,2364
1,128,1000000,32,0,2366
1,128,1000000,32,0,2368
1,128,1000000,32,0,2372
1,128,1000000,32,0,2375
1,128,1000000,32,0,2378
1,128,1000000,32,0,2380
1,128,1000000,32,0,2383
1,128,1000000,32,0,2386
1,128,1000000,32,0,2390
1,128,1000000,32,0,2393
1,128,1000000,32,0,2396
1,128,1000000,32,0,2400
1,128,1000000,32,0,2403
1,128,1000000,32,0,2405
1,128,1000000,32,0,2409
1,128,1000000,32,0,2411
1,128,1000000,32,0,2414
1,128,1000000,32,0,2417
1,128,1000000,32,0,2419
1,128,1000000,32,0,2423
1,128,1000000,32,0,2426
1,128,1000000,32,0,2429
1,128,1000000,32,0,2432
1,128,1000000,32,0,2443
1,128,1000000,32,0,2447
1,128,1000000,32,0,2450
1,128,1000000,32,0,2453
1,128,1000000,32,0,2456
1,128,1000000,32,0,2459
1,128,1000000,32,0,2462
1,128,1000000,32,0,2465
1,128,1000000,32,0,2468
1,128,1000000,32,0,2471
1,128,1000000,32,0,2474
1,128,1000000,32,0,2477
1,128,1000000,32,0,2479
1,128,1000000,32,0,2481
1,128,1000000,32,0,2483
1,128,1000000,32,0,2485
1,128,1000000,32,0,2487
1,128,1000000,32,0,2489
1,128,1000000,32,0,2491
1,128,1000000,32,0,2493
1,128,1000000,32,0,2495
1,128,1000000,32,0,2497
1,128,1000000,32,0,2498
1,128,1000000,32,0,2500
1,128,1000000,32,0,2502
1,128,1000000,32,0,2504
1,128,1000000,32,0,2506
1,128,1000000,32,0,2508
1,128,1000000,32,0,2510
1,128,1000000,32,0,2511
1,128,1000000,32,0,2513
1,128,1000000,32,0,2515
1,128,1000000,32,0,2517
1,128,1000000,32,0,2519
1,128,1000000,32,0,2521
1,128,1000000,32,0,2523
1,128,1000000,32,0,1124
1,128,1000000,32,0,1158
1,128,1000000,32,0,1162
1,128,1000000,32,0,1165
1,128,1000000,32,0,1168
1,128,1000000,32,0,1170
1,128,1000000,32,0,1173
1,128,1000000,32,0,1176
1,128,1000000,32,0,1178
1,128,1000000,32,0,1181
1,128,1000000,32,0,1777
1,128,1000000,32,0,1791
1,128,1000000,32,0,1794
1,128,1000000,32,0,1797
1,128,1000000,32,0,1800
1,128,1000000,32,0,1802
1,128,1000000,32,0,1805
1,128,1000000,32,0,1808
1,128,1000000,32,0,1810
1,128,1000000,32,0,1813
1,128,1000000,32,0,1816
1,128,1000000,32,0,1818
1,128,1000000,32,0,1821
1,128,1000000,32,0,1824
1,128,1000000,32,0,1827
1,128,1000000,32,0,1832
1,128,1000000,32,0,1835
1,128,1000000,32,0,1837
1,128,1000000,32,0,1840
1,128,1000000,32,0,1842
1,128,1000000,32,0,1845
1,128,1000000,32,0,1847
1,128,1000000,32,0,1850
1,128,1000000,32,0,1852
1,128,1000000,32,0,2061
1,128,1000000,32,0,2070
1,128,1000000,32,0,2074
1,128,1000000,32,0,2077
1,128,1000000,32,0,2091
1,128,1000000,32,0,2094
1,128,1000000,32,0,2101
1,128,1000000,32,0,2108
1,128,1000000,32,0,2128
1,128,1000000,32,0,2132
1,128,1000000,32,0,2197
1,128,1000000,32,0,2204
1,128,1000000,32,0,2207
1,128,1000000,32,0,2210
1,128,1000000,32,0,2213
1,128,1000000,32,0,2215
1,128,1000000,32,0,2218
1,128,1000000,32,0,2221
1,128,1000000,32,0,2224
1,128,1000000,32,0,2227
1,128,1000000,32,0,2229
1,128,1000000,32,0,2232
1,128,1000000,32,0,2235
1,128,1000000,32,0,2238
1,128,1000000,32,0,2240
1,128,1000000,32,0,2242
1,128,1000000,32,0,2245
1,128,1000000,32,0,2248
1,128,1000000,32,0,2254
1,128,1000000,32,0,2257
1,128,1000000,32,0,2259
1,128,1000000,32,0,2262
1,128,1000000,32,0,2264
1,128,1000000,32,0,2266
1,128,1000000,32,0,2268
1,128,1000000,32,0,2270
1,128,1000000,32,0,2273
1,128,1000000,32,0,2276
1,128,1000000,32,0,2280
1,128,1000000,32,0,2283
1,128,1000000,32,0,2286
1,128,1000000,32,0,2289
1,128,1000000,32,0,2292
1,128,1000000,32,0,2295
1,128,1000000,32,0,2299
1,128,1000000,32,0,2303
1,128,1000000,32,0,2307
1,128,1000000,32,0,2312
1,128,1000000,32,0,2317
1,128,1000000,32,0,2322
1,128,1000000,32,0,2325
1,128,1000000,32,0,2340
1,128,1000000,32,0,2344
1,128,1000000,32,0,2347
1,128,1000000,32,0,2350
1,128,1000000,32,0,2353
1,128,1000000,32,0,2356
1,128,1000000,32,0,2359
1,128,1000000,32,0,2362
1,128,1000000,32,0,2366
1,128,1000000,32,0,2368
1,128,1000000,32,0,2372
1,128,1000000,32,0,2374
1,128,1000000,32,0,2376
1,128,1000000,32,0,2378
1,128,1000000,32,0,2380
1,128,1000000,32,0,2382
1,128,1000000,32,0,2384
1,128,1000000,32,0,2386
1,128,1000000,32,0,2388
1,128,1000000,32,0,2390
1,128,1000000,32,0,2392
1,128,1000000,32,0,2394
1,128,1000000,32,0,2395
1,128,1000000,32,0,2397
1,128,1000000,32,0,2399
1,128,1000000,32,0,2401
1,128,1000000,32,0,2403
1,128,1000000,32,0,2405
1,128,1000000,32,0,2407
1,128,1000000,32,0,2408
1,128,1000000,32,0,2410
1,128,1000000,32,0,2413
1,128,1000000,32,0,2415
1,128,1000000,32,0,2417
1,128,1000000,32,0,2420
1,128,1000000,32,0,2423
1,128,1000000,32,0,2427
1,128,1000000,32,0,2429
1,128,1000000,32,0,2431
1,128,1000000,32,0,2433
1,128,1000000,32,0,2434
1,128,1000000,32,0,2436
1,128,1000000,32,0,2438
