getter,peers,micros,payload,rcv_flag,span
1,128,1000000,32,0,140
1,128,1000000,32,0,163
1,128,1000000,32,0,153
1,128,1000000,32,0,2286
1,128,1000000,32,0,913
1,128,1000000,32,0,124
1,128,1000000,32,0,115
1,128,1000000,32,0,114
1,128,1000000,32,0,2125
1,128,100000,32,0,61159
1,128,100000,32,0,3816
1,128,100000,32,0,953
1,128,100000,32,0,132
1,128,100000,32,0,256
1,128,100000,32,0,125
1,128,100000,32,0,1496
1,128,100000,32,0,113
1,128,100000,32,0,248
1,128,100000,32,0,140
1,128,100000,32,0,196
1,128,100000,32,0,195
1,128,100000,32,0,2751
1,128,100000,32,0,138
1,128,100000,32,0,142
1,128,100000,32,0,122
1,128,100000,32,0,202
1,128,100000,32,0,212
1,128,100000,32,0,1674
1,128,100000,32,0,185
1,128,100000,32,0,1675
1,128,100000,32,0,166
1,128,100000,32,0,174
1,128,100000,32,0,1960
1,128,100000,32,0,127
1,128,100000,32,0,141
1,128,100000,32,0,1110
1,128,100000,32,0,210
1,128,100000,32,0,189
1,128,100000,32,0,145
1,128,100000,32,0,115
1,128,100000,32,0,244
1,128,100000,32,0,137
1,128,100000,32,0,130
1,128,100000,32,0,2810
1,128,100000,32,0,1135
1,128,100000,32,0,130
1,128,100000,32,0,158
1,128,100000,32,0,114
1,128,100000,32,0,119
1,128,100000,32,0,479
1,128,100000,32,0,111
1,128,100000,32,0,1628
1,128,100000,32,0,2335
1,128,100000,32,0,113
1,128,100000,32,0,1690
1,128,100000,32,0,2564
1,128,100000,32,0,127
1,128,100000,32,0,130
1,128,100000,32,0,1524
1,128,100000,32,0,3354
1,128,100000,32,0,139
1,128,100000,32,0,110
1,128,100000,32,0,1675
1,128,100000,32,0,134
1,128,100000,32,0,457
1,128,100000,32,0,117
1,128,100000,32,0,1422
1,128,100000,32,0,116
1,128,100000,32,0,3078
1,128,100000,32,0,229
1,128,100000,32,0,1736
1,128,100000,32,0,1192
1,128,100000,32,0,116
1,128,100000,32,0,120
1,128,100000,32,0,120
1,128,100000,32,0,115
1,128,100000,32,0,112
1,128,100000,32,0,120
1,128,100000,32,0,109
1,128,100000,32,0,155
1,128,100000,32,0,140
1,128,100000,32,0,1577
1,128,100000,32,0,309
1,128,100000,32,0,180
1,128,100000,32,0,453
1,128,100000,32,0,182
1,128,100000,32,0,181
1,128,100000,32,0,169
1,128,100000,32,0,683
1,128,100000,32,0,133
1,128,100000,32,0,110
1,128,100000,32,0,2598
1,128,100000,32,0,128
1,128,100000,32,0,122
1,128,10000,32,0,1733
1,128,10000,32,0,268363
1,128,10000,32,0,142
1,128,10000,32,0,133
1,128,10000,32,0,119
1,128,10000,32,0,121
1,128,10000,32,0,123
1,128,10000,32,0,135
1,128,10000,32,0,196
1,128,10000,32,0,472
1,128,10000,32,0,802
1,128,10000,32,0,120
1,128,10000,32,0,116
1,128,10000,32,0,128
1,128,10000,32,0,128
1,128,10000,32,0,113
1,128,10000,32,0,558
1,128,10000,32,0,117
1,128,10000,32,0,123
1,128,10000,32,0,142
1,128,10000,32,0,1263
1,128,10000,32,0,123
1,128,10000,32,0,131
1,128,10000,32,0,118
1,128,10000,32,0,2320
1,128,10000,32,0,125
1,128,10000,32,0,124
1,128,10000,32,0,714
1,128,10000,32,0,121
1,128,10000,32,0,464
1,128,10000,32,0,148
1,128,10000,32,0,121
1,128,10000,32,0,742
1,128,10000,32,0,1774
1,128,10000,32,0,338
1,128,10000,32,0,1441
1,128,10000,32,0,119
1,128,10000,32,0,128
1,128,10000,32,0,124
1,128,10000,32,0,124
1,128,10000,32,0,354
1,128,10000,32,0,1353
1,128,10000,32,0,414
1,128,10000,32,0,2027
1,128,10000,32,0,717
1,128,10000,32,0,144
1,128,10000,32,0,123
1,128,10000,32,0,146
1,128,10000,32,0,113
1,128,10000,32,0,1611
1,128,10000,32,0,197
1,128,10000,32,0,137
1,128,10000,32,0,119
1,128,10000,32,0,251
1,128,10000,32,0,573
1,128,10000,32,0,1098
1,128,10000,32,0,140
1,128,10000,32,0,116
1,128,10000,32,0,1384
1,128,10000,32,0,2578
1,128,10000,32,0,175
1,128,10000,32,0,673
1,128,10000,32,0,812
1,128,10000,32,0,133
1,128,10000,32,0,953
1,128,10000,32,0,114
1,128,10000,32,0,120
1,128,10000,32,0,114
1,128,10000,32,0,123
1,128,10000,32,0,2001
1,128,10000,32,0,295
1,128,10000,32,0,177
1,128,10000,32,0,184
1,128,10000,32,0,176
1,128,10000,32,0,929
1,128,10000,32,0,122
1,128,10000,32,0,131
1,128,10000,32,0,472
1,128,10000,32,0,155
1,128,10000,32,0,741
1,128,10000,32,0,3467
1,128,10000,32,0,1131
1,128,10000,32,0,110
1,128,10000,32,0,113
1,128,10000,32,0,121
1,128,10000,32,0,118
1,128,10000,32,0,728
1,128,10000,32,0,156
1,128,10000,32,0,125
1,128,10000,32,0,118
1,128,10000,32,0,433
1,128,10000,32,0,166
1,128,10000,32,0,173
1,128,10000,32,0,177
1,128,10000,32,0,190
1,128,10000,32,0,177
1,128,10000,32,0,2260
1,128,10000,32,0,124
1,128,10000,32,0,120
1,128,10000,32,0,2164
1,128,10000,32,0,132
1,128,10000,32,0,660
1,128,10000,32,0,325
1,128,10000,32,0,1113
1,128,10000,32,0,133
1,128,10000,32,0,162
1,128,10000,32,0,174
1,128,10000,32,0,1987
1,128,10000,32,0,123
1,128,10000,32,0,266
1,128,10000,32,0,118
1,128,10000,32,0,118
1,128,10000,32,0,125
1,128,10000,32,0,129
1,128,10000,32,0,124
1,128,10000,32,0,528
1,128,10000,32,0,183
1,128,10000,32,0,1782
1,128,10000,32,0,445
1,128,10000,32,0,145
1,128,10000,32,0,132
1,128,10000,32,0,185
1,128,10000,32,0,166
1,128,10000,32,0,246
1,128,10000,32,0,122
1,128,10000,32,0,143
1,128,10000,32,0,124
1,128,10000,32,0,123
1,128,10000,32,0,2217
1,128,10000,32,0,118
1,128,10000,32,0,2062
1,128,10000,32,0,228
1,128,10000,32,0,176
1,128,10000,32,0,165
1,128,10000,32,0,224
1,128,10000,32,0,186
1,128,10000,32,0,1079
1,128,10000,32,0,143
1,128,10000,32,0,150
1,128,10000,32,0,1778
1,128,10000,32,0,298
1,128,10000,32,0,1553
1,128,10000,32,0,561
1,128,10000,32,0,134
1,128,10000,32,0,130
1,128,10000,32,0,581
1,128,10000,32,0,192
1,128,10000,32,0,149
1,128,10000,32,0,119
1,128,10000,32,0,116
1,128,10000,32,0,2777
1,128,10000,32,0,159
1,128,10000,32,0,329
1,128,10000,32,0,185
1,128,10000,32,0,1126
1,128,10000,32,0,145
1,128,10000,32,0,1251
1,128,10000,32,0,532
1,128,10000,32,0,1078
1,128,10000,32,0,121
1,128,10000,32,0,140
1,128,10000,32,0,840
1,128,10000,32,0,818
1,128,10000,32,0,120
1,128,10000,32,0,117
1,128,10000,32,0,621
1,128,10000,32,0,1841
1,128,10000,32,0,120
1,128,10000,32,0,129
1,128,10000,32,0,3018
1,128,10000,32,0,727
1,128,10000,32,0,174
1,128,10000,32,0,171
1,128,10000,32,0,189
1,128,10000,32,0,606
1,128,10000,32,0,120
1,128,10000,32,0,348
1,128,10000,32,0,128
1,128,10000,32,0,138
1,128,10000,32,0,1132
1,128,10000,32,0,195
1,128,10000,32,0,1399
1,128,10000,32,0,2570
1,128,10000,32,0,343
1,128,10000,32,0,122
1,128,10000,32,0,115
1,128,10000,32,0,120
1,128,10000,32,0,122
1,128,10000,32,0,472
1,128,10000,32,0,116
1,128,10000,32,0,114
1,128,10000,32,0,2059
1,128,10000,32,0,242
1,128,10000,32,0,270
1,128,10000,32,0,200
1,128,10000,32,0,540
1,128,10000,32,0,552
1,128,10000,32,0,171
1,128,10000,32,0,1063
1,128,10000,32,0,193
1,128,10000,32,0,159
1,128,10000,32,0,196
1,128,10000,32,0,1422
1,128,10000,32,0,174
1,128,10000,32,0,2976
1,128,10000,32,0,119
1,128,10000,32,0,129
1,128,10000,32,0,1373
1,128,10000,32,0,117
1,128,10000,32,0,117
1,128,10000,32,0,838
1,128,10000,32,0,122
1,128,10000,32,0,4257
1,128,10000,32,0,139
1,128,10000,32,0,153
1,128,10000,32,0,4397
1,128,10000,32,0,151
1,128,10000,32,0,123
1,128,10000,32,0,127
1,128,10000,32,0,113
1,128,10000,32,0,117
1,128,10000,32,0,135
1,128,10000,32,0,152
1,128,10000,32,0,120
1,128,10000,32,0,167
1,128,10000,32,0,116
1,128,10000,32,0,2896
1,128,10000,32,0,147
1,128,10000,32,0,405
1,128,10000,32,0,182
1,128,10000,32,0,2752
1,128,10000,32,0,142
1,128,10000,32,0,171
1,128,10000,32,0,424
1,128,10000,32,0,119
1,128,10000,32,0,184
1,128,10000,32,0,120
1,128,10000,32,0,154
1,128,10000,32,0,173
1,128,10000,32,0,124
1,128,10000,32,0,189
1,128,10000,32,0,116
1,128,10000,32,0,111
1,128,10000,32,0,119
1,128,10000,32,0,123
1,128,10000,32,0,124
1,128,10000,32,0,120
1,128,10000,32,0,3968
1,128,10000,32,0,133
1,128,10000,32,0,970
1,128,10000,32,0,124
1,128,10000,32,0,127
1,128,10000,32,0,437
1,128,10000,32,0,113
1,128,10000,32,0,120
1,128,10000,32,0,122
1,128,10000,32,0,753
1,128,10000,32,0,118
1,128,10000,32,0,128
1,128,10000,32,0,135
1,128,10000,32,0,115
1,128,10000,32,0,1717
1,128,10000,32,0,437
1,128,10000,32,0,1102
1,128,10000,32,0,511
1,128,10000,32,0,128
1,128,10000,32,0,126
1,128,10000,32,0,122
1,128,10000,32,0,122
1,128,10000,32,0,123
1,128,10000,32,0,131
1,128,10000,32,0,120
1,128,10000,32,0,121
1,128,10000,32,0,887
1,128,10000,32,0,117
1,128,10000,32,0,119
1,128,10000,32,0,117
1,128,10000,32,0,2292
1,128,10000,32,0,156
1,128,10000,32,0,451
1,128,10000,32,0,827
1,128,10000,32,0,1753
1,128,10000,32,0,165
1,128,10000,32,0,1729
1,128,10000,32,0,123
1,128,10000,32,0,114
1,128,10000,32,0,117
1,128,10000,32,0,115
1,128,10000,32,0,124
1,128,10000,32,0,469
1,128,10000,32,0,126
1,128,10000,32,0,118
1,128,10000,32,0,740
1,128,10000,32,0,1296
1,128,10000,32,0,120
1,128,10000,32,0,123
1,128,10000,32,0,115
1,128,10000,32,0,115
1,128,10000,32,0,118
1,128,10000,32,0,160
1,128,10000,32,0,149
1,128,10000,32,0,511
1,128,10000,32,0,150
1,128,10000,32,0,153
1,128,10000,32,0,156
1,128,10000,32,0,178
1,128,10000,32,0,147
1,128,10000,32,0,181
1,128,10000,32,0,140
1,128,10000,32,0,780
1,128,10000,32,0,236
1,128,10000,32,0,637
1,128,10000,32,0,128
1,128,10000,32,0,118
1,128,10000,32,0,2644
1,128,10000,32,0,194
1,128,10000,32,0,3583
1,128,10000,32,0,187
1,128,10000,32,0,183
1,128,10000,32,0,187
1,128,10000,32,0,172
1,128,10000,32,0,188
1,128,10000,32,0,188
1,128,10000,32,0,2752
1,128,10000,32,0,204
1,128,10000,32,0,350
1,128,10000,32,0,130
1,128,10000,32,0,147
1,128,10000,32,0,859
1,128,10000,32,0,169
1,128,10000,32,0,147
1,128,10000,32,0,129
1,128,10000,32,0,117
1,128,10000,32,0,179
1,128,10000,32,0,1231
1,128,10000,32,0,2954
1,128,10000,32,0,132
1,128,10000,32,0,117
1,128,10000,32,0,221
1,128,10000,32,0,128
1,128,10000,32,0,3477
1,128,10000,32,0,988
1,128,10000,32,0,124
1,128,10000,32,0,118
1,128,10000,32,0,152
1,128,10000,32,0,1550
1,128,10000,32,0,1198
1,128,10000,32,0,498
1,128,10000,32,0,381
1,128,10000,32,0,116
1,128,10000,32,0,120
1,128,10000,32,0,2416
1,128,10000,32,0,269
1,128,10000,32,0,614
1,128,10000,32,0,833
1,128,10000,32,0,127
1,128,10000,32,0,122
1,128,10000,32,0,2370
1,128,10000,32,0,118
1,128,10000,32,0,129
1,128,10000,32,0,177
1,128,10000,32,0,182
1,128,10000,32,0,632
1,128,10000,32,0,156
1,128,10000,32,0,138
1,128,10000,32,0,146
1,128,10000,32,0,254
1,128,10000,32,0,232
1,128,10000,32,0,160
1,128,10000,32,0,119
1,128,10000,32,0,117
1,128,10000,32,0,368
1,128,10000,32,0,357
1,128,10000,32,0,121
1,128,10000,32,0,133
1,128,10000,32,0,116
1,128,10000,32,0,919
1,128,10000,32,0,1729
1,128,10000,32,0,141
1,128,10000,32,0,122
1,128,10000,32,0,209
1,128,10000,32,0,2377
1,128,10000,32,0,125
1,128,10000,32,0,114
1,128,10000,32,0,119
1,128,10000,32,0,863
1,128,10000,32,0,1154
1,128,10000,32,0,179
1,128,10000,32,0,175
1,128,10000,32,0,437
1,128,10000,32,0,158
1,128,10000,32,0,202
1,128,10000,32,0,806
1,128,10000,32,0,130
1,128,10000,32,0,113
1,128,10000,32,0,118
1,128,10000,32,0,675
1,128,10000,32,0,1307
1,128,10000,32,0,191
1,128,10000,32,0,1743
1,128,10000,32,0,127
1,128,10000,32,0,129
1,128,10000,32,0,114
1,128,10000,32,0,862
1,128,10000,32,0,3514
1,128,10000,32,0,121
1,128,10000,32,0,130
1,128,10000,32,0,2285
1,128,10000,32,0,130
1,128,10000,32,0,119
1,128,10000,32,0,245
1,128,10000,32,0,206
1,128,10000,32,0,172
1,128,10000,32,0,473
1,128,10000,32,0,2810
1,128,10000,32,0,118
1,128,10000,32,0,164
1,128,10000,32,0,142
1,128,10000,32,0,2785
1,128,10000,32,0,178
1,128,10000,32,0,388
1,128,10000,32,0,153
1,128,10000,32,0,1188
1,128,10000,32,0,192
1,128,10000,32,0,126
1,128,10000,32,0,163
1,128,10000,32,0,776
1,128,10000,32,0,143
1,128,10000,32,0,181
1,128,10000,32,0,123
1,128,10000,32,0,125
1,128,10000,32,0,114
1,128,10000,32,0,118
1,128,10000,32,0,122
1,128,10000,32,0,494
1,128,10000,32,0,120
1,128,10000,32,0,120
1,128,10000,32,0,122
1,128,10000,32,0,129
1,128,10000,32,0,506
1,128,10000,32,0,124
1,128,10000,32,0,239
1,128,10000,32,0,178
1,128,1000,32,0,27577
1,128,1000,32,0,149162
1,128,1000,32,0,207120
1,128,1000,32,0,319
1,128,1000,32,0,213
1,128,1000,32,0,872
1,128,1000,32,0,1575
1,128,1000,32,0,200
1,128,1000,32,0,193
1,128,1000,32,0,3036
1,128,1000,32,0,129
1,128,1000,32,0,144
1,128,1000,32,0,342
1,128,1000,32,0,402
1,128,1000,32,0,129
1,128,1000,32,0,131
1,128,1000,32,0,128
1,128,1000,32,0,145
1,128,1000,32,0,349
1,128,1000,32,0,120
1,128,1000,32,0,2391
1,128,1000,32,0,730
1,128,1000,32,0,199
1,128,1000,32,0,208
1,128,1000,32,0,678
1,128,1000,32,0,964
1,128,1000,32,0,129
1,128,1000,32,0,190
1,128,1000,32,0,142
1,128,1000,32,0,244
1,128,1000,32,0,152
1,128,1000,32,0,144
1,128,1000,32,0,148
1,128,1000,32,0,145
1,128,1000,32,0,163
1,128,1000,32,0,905
1,128,1000,32,0,121
1,128,1000,32,0,788
1,128,1000,32,0,124
1,128,1000,32,0,969
1,128,1000,32,0,132
1,128,1000,32,0,2227
1,128,1000,32,0,3866
1,128,1000,32,0,1372
1,128,1000,32,0,1073
1,128,1000,32,0,127
1,128,1000,32,0,122
1,128,1000,32,0,434
1,128,1000,32,0,248
1,128,1000,32,0,132
1,128,1000,32,0,4540
1,128,1000,32,0,255
1,128,1000,32,0,128
1,128,1000,32,0,961
1,128,1000,32,0,1270
1,128,1000,32,0,124
1,128,1000,32,0,375
1,128,1000,32,0,151
1,128,1000,32,0,2640
1,128,1000,32,0,146
1,128,1000,32,0,117
1,128,1000,32,0,3660
1,128,1000,32,0,2769
1,128,1000,32,0,196
1,128,1000,32,0,3991
1,128,1000,32,0,229
1,128,1000,32,0,129
1,128,1000,32,0,263
1,128,1000,32,0,837
1,128,1000,32,0,1918
1,128,1000,32,0,813
1,128,1000,32,0,130
1,128,1000,32,0,813
1,128,1000,32,0,921
1,128,1000,32,0,2503
1,128,1000,32,0,195
1,128,1000,32,0,212
1,128,1000,32,0,190
1,128,1000,32,0,133
1,128,1000,32,0,142
1,128,1000,32,0,143
1,128,1000,32,0,210
1,128,1000,32,0,128
1,128,1000,32,0,124
1,128,1000,32,0,124
1,128,1000,32,0,131
1,128,1000,32,0,126
1,128,1000,32,0,514
1,128,1000,32,0,1206
1,128,1000,32,0,136
1,128,1000,32,0,772
1,128,1000,32,0,928
1,128,1000,32,0,141
1,128,1000,32,0,766
1,128,1000,32,0,134
1,128,1000,32,0,409
1,128,1000,32,0,137
1,128,1000,32,0,134
1,128,1000,32,0,174
1,128,1000,32,0,1572
1,128,1000,32,0,449
1,128,1000,32,0,577
1,128,1000,32,0,133
1,128,1000,32,0,138
1,128,1000,32,0,136
1,128,1000,32,0,258
1,128,1000,32,0,125
1,128,1000,32,0,131
1,128,1000,32,0,3871
1,128,1000,32,0,958
1,128,1000,32,0,153
1,128,1000,32,0,145
1,128,1000,32,0,154
1,128,1000,32,0,608
1,128,1000,32,0,140
1,128,1000,32,0,2736
1,128,1000,32,0,127
1,128,1000,32,0,680
1,128,1000,32,0,143
1,128,1000,32,0,2577
1,128,1000,32,0,523
1,128,1000,32,0,134
1,128,1000,32,0,133
1,128,1000,32,0,124
1,128,1000,32,0,2030
1,128,1000,32,0,389
1,128,1000,32,0,134
1,128,1000,32,0,151
1,128,1000,32,0,128
1,128,1000,32,0,211
1,128,1000,32,0,555
1,128,1000,32,0,135
1,128,1000,32,0,129
1,128,1000,32,0,1084
1,128,1000,32,0,176
1,128,1000,32,0,948
1,128,1000,32,0,3743
1,128,1000,32,0,358
1,128,1000,32,0,123
1,128,1000,32,0,134
1,128,1000,32,0,478
1,128,1000,32,0,133
1,128,1000,32,0,599
1,128,1000,32,0,337
1,128,1000,32,0,486
1,128,1000,32,0,138
1,128,1000,32,0,116
1,128,1000,32,0,411
1,128,1000,32,0,688
1,128,1000,32,0,134
1,128,1000,32,0,124
1,128,1000,32,0,125
1,128,1000,32,0,136
1,128,1000,32,0,714
1,128,1000,32,0,177
1,128,1000,32,0,120
1,128,1000,32,0,142
1,128,1000,32,0,138
1,128,1000,32,0,607
1,128,1000,32,0,142
1,128,1000,32,0,141
1,128,1000,32,0,123
1,128,1000,32,0,291
1,128,1000,32,0,121
1,128,1000,32,0,147
1,128,1000,32,0,124
1,128,1000,32,0,129
1,128,1000,32,0,128
1,128,1000,32,0,134
1,128,1000,32,0,133
1,128,1000,32,0,552
1,128,1000,32,0,123
1,128,1000,32,0,3338
1,128,1000,32,0,180
1,128,1000,32,0,552
1,128,1000,32,0,263
1,128,1000,32,0,360
1,128,1000,32,0,122
1,128,1000,32,0,134
1,128,1000,32,0,127
1,128,1000,32,0,126
1,128,1000,32,0,128
1,128,1000,32,0,130
1,128,1000,32,0,1168
1,128,1000,32,0,121
1,128,1000,32,0,128
1,128,1000,32,0,131
1,128,1000,32,0,133
1,128,1000,32,0,129
1,128,1000,32,0,134
1,128,1000,32,0,133
1,128,1000,32,0,3788
1,128,1000,32,0,159
1,128,1000,32,0,149
1,128,1000,32,0,152
1,128,1000,32,0,139
1,128,1000,32,0,135
1,128,1000,32,0,127
1,128,1000,32,0,156
1,128,1000,32,0,644
1,128,1000,32,0,1323
1,128,1000,32,0,129
1,128,1000,32,0,3242
1,128,1000,32,0,332
1,128,1000,32,0,603
1,128,1000,32,0,2370
1,128,1000,32,0,686
1,128,1000,32,0,1523
1,128,1000,32,0,2185
1,128,1000,32,0,383
1,128,1000,32,0,135
1,128,1000,32,0,142
1,128,1000,32,0,131
1,128,1000,32,0,877
1,128,1000,32,0,1872
1,128,1000,32,0,420
1,128,1000,32,0,1845
1,128,1000,32,0,128
1,128,1000,32,0,2637
1,128,1000,32,0,136
1,128,1000,32,0,127
1,128,1000,32,0,1534
1,128,1000,32,0,128
1,128,1000,32,0,132
1,128,1000,32,0,1126
1,128,1000,32,0,2627
1,128,1000,32,0,125
1,128,1000,32,0,126
1,128,1000,32,0,136
1,128,1000,32,0,1300
1,128,1000,32,0,129
1,128,1000,32,0,2166
1,128,1000,32,0,1303
1,128,1000,32,0,761
1,128,1000,32,0,196
1,128,1000,32,0,176
1,128,1000,32,0,391
1,128,1000,32,0,1820
1,128,1000,32,0,142
1,128,1000,32,0,340
1,128,1000,32,0,126
1,128,1000,32,0,2983
1,128,1000,32,0,2263
1,128,1000,32,0,127
1,128,1000,32,0,129
1,128,1000,32,0,135
1,128,1000,32,0,178
1,128,1000,32,0,132
1,128,1000,32,0,899
1,128,1000,32,0,195
1,128,1000,32,0,481
1,128,1000,32,0,132
1,128,1000,32,0,3581
1,128,1000,32,0,126
1,128,1000,32,0,128
1,128,1000,32,0,121
1,128,1000,32,0,643
1,128,1000,32,0,132
1,128,1000,32,0,2290
1,128,1000,32,0,456
1,128,1000,32,0,141
1,128,1000,32,0,841
1,128,1000,32,0,126
1,128,1000,32,0,133
1,128,1000,32,0,124
1,128,1000,32,0,179
1,128,1000,32,0,306
1,128,1000,32,0,425
1,128,1000,32,0,127
1,128,1000,32,0,127
1,128,1000,32,0,2438
1,128,1000,32,0,188
1,128,1000,32,0,165
1,128,1000,32,0,132
1,128,1000,32,0,137
1,128,1000,32,0,134
1,128,1000,32,0,253
1,128,1000,32,0,974
1,128,1000,32,0,1255
1,128,1000,32,0,2542
1,128,1000,32,0,2610
1,128,1000,32,0,682
1,128,1000,32,0,134
1,128,1000,32,0,137
1,128,1000,32,0,2150
1,128,1000,32,0,308
1,128,1000,32,0,3269
1,128,1000,32,0,138
1,128,1000,32,0,892
1,128,1000,32,0,132
1,128,1000,32,0,301
1,128,1000,32,0,142
1,128,1000,32,0,1128
1,128,1000,32,0,136
1,128,1000,32,0,459
1,128,1000,32,0,132
1,128,1000,32,0,134
1,128,1000,32,0,1383
1,128,1000,32,0,573
1,128,1000,32,0,138
1,128,1000,32,0,1043
1,128,1000,32,0,971
1,128,1000,32,0,139
1,128,1000,32,0,137
1,128,1000,32,0,560
1,128,1000,32,0,128
1,128,1000,32,0,1487
1,128,1000,32,0,136
1,128,1000,32,0,375
1,128,1000,32,0,158
1,128,1000,32,0,167
1,128,1000,32,0,168
1,128,1000,32,0,161
1,128,1000,32,0,158
1,128,1000,32,0,161
1,128,1000,32,0,1357
1,128,1000,32,0,328
1,128,1000,32,0,127
1,128,1000,32,0,145
1,128,1000,32,0,136
1,128,1000,32,0,1033
1,128,1000,32,0,1281
1,128,1000,32,0,142
1,128,1000,32,0,1028
1,128,1000,32,0,625
1,128,1000,32,0,401
1,128,1000,32,0,133
1,128,1000,32,0,138
1,128,1000,32,0,478
1,128,1000,32,0,284
1,128,1000,32,0,1822
1,128,1000,32,0,498
1,128,1000,32,0,520
1,128,1000,32,0,464
1,128,1000,32,0,168
1,128,1000,32,0,156
1,128,1000,32,0,384
1,128,1000,32,0,933
1,128,1000,32,0,1294
1,128,1000,32,0,258
1,128,1000,32,0,199
1,128,1000,32,0,609
1,128,1000,32,0,143
1,128,1000,32,0,143
1,128,1000,32,0,381
1,128,1000,32,0,205
1,128,1000,32,0,277
1,128,1000,32,0,130
1,128,1000,32,0,414
1,128,1000,32,0,285
1,128,1000,32,0,230
1,128,1000,32,0,1872
1,128,1000,32,0,139
1,128,1000,32,0,147
1,128,1000,32,0,133
1,128,1000,32,0,139
1,128,1000,32,0,938
1,128,1000,32,0,389
1,128,1000,32,0,142
1,128,1000,32,0,298
1,128,1000,32,0,132
1,128,1000,32,0,2227
1,128,1000,32,0,199
1,128,1000,32,0,210
1,128,1000,32,0,2740
1,128,1000,32,0,135
1,128,1000,32,0,135
1,128,1000,32,0,708
1,128,1000,32,0,944
1,128,1000,32,0,141
1,128,1000,32,0,138
1,128,1000,32,0,140
1,128,1000,32,0,134
1,128,1000,32,0,1485
1,128,1000,32,0,162
1,128,1000,32,0,159
1,128,1000,32,0,269
1,128,1000,32,0,470
1,128,1000,32,0,139
1,128,1000,32,0,125
1,128,1000,32,0,170
1,128,1000,32,0,802
1,128,1000,32,0,217
1,128,1000,32,0,140
1,128,1000,32,0,189
1,128,1000,32,0,162
1,128,1000,32,0,311
1,128,1000,32,0,145
1,128,1000,32,0,140
1,128,1000,32,0,145
1,128,1000,32,0,143
1,128,1000,32,0,146
1,128,1000,32,0,138
1,128,1000,32,0,572
1,128,1000,32,0,262
1,128,1000,32,0,134
1,128,1000,32,0,138
1,128,1000,32,0,1488
1,128,1000,32,0,1295
1,128,1000,32,0,16738
1,128,1000,32,0,484
1,128,1000,32,0,136
1,128,1000,32,0,138
1,128,1000,32,0,130
1,128,1000,32,0,399
1,128,1000,32,0,602
1,128,1000,32,0,370
1,128,1000,32,0,115
1,128,1000,32,0,577
1,128,1000,32,0,854
1,128,1000,32,0,183
1,128,1000,32,0,131
1,128,1000,32,0,139
1,128,1000,32,0,186
1,128,1000,32,0,141
1,128,1000,32,0,126
1,128,1000,32,0,5585
1,128,1000,32,0,159
1,128,1000,32,0,142
1,128,1000,32,0,470
1,128,1000,32,0,551
1,128,1000,32,0,196
1,128,1000,32,0,188
1,128,1000,32,0,190
1,128,1000,32,0,186
1,128,1000,32,0,306
1,128,1000,32,0,1104
1,128,1000,32,0,696
1,128,1000,32,0,943
1,128,1000,32,0,491
1,128,1000,32,0,888
1,128,1000,32,0,3561
1,128,1000,32,0,148
1,128,1000,32,0,401
1,128,1000,32,0,2508
1,128,1000,32,0,212
1,128,1000,32,0,181
1,128,1000,32,0,201
1,128,1000,32,0,201
1,128,1000,32,0,251
1,128,1000,32,0,702
1,128,1000,32,0,154
1,128,1000,32,0,2043
1,128,1000,32,0,175
1,128,1000,32,0,277
1,128,1000,32,0,130
1,128,1000,32,0,517
1,128,1000,32,0,156
1,128,1000,32,0,146
1,128,1000,32,0,767
1,128,1000,32,0,2645
1,128,1000,32,0,391
1,128,1000,32,0,1291
1,128,1000,32,0,133
1,128,1000,32,0,188
1,128,1000,32,0,738
1,128,1000,32,0,138
1,128,1000,32,0,140
1,128,1000,32,0,185
1,128,1000,32,0,170
1,128,1000,32,0,183
1,128,1000,32,0,130
1,128,1000,32,0,488
1,128,1000,32,0,2162
1,128,1000,32,0,131
1,128,1000,32,0,142
1,128,1000,32,0,143
1,128,1000,32,0,147
1,128,1000,32,0,847
1,128,1000,32,0,177
1,128,1000,32,0,142
1,128,1000,32,0,273
1,128,1000,32,0,372
1,128,1000,32,0,1215
1,128,1000,32,0,159
1,128,1000,32,0,1031
1,128,1000,32,0,1941
1,128,1000,32,0,133
1,128,1000,32,0,966
1,128,1000,32,0,626
1,128,1000,32,0,403
1,128,1000,32,0,134
1,128,1000,32,0,136
1,128,1000,32,0,1520
1,128,1000,32,0,3465
1,128,1000,32,0,140
1,128,1000,32,0,186
1,128,1000,32,0,754
1,128,1000,32,0,135
1,128,1000,32,0,142
1,128,1000,32,0,1932
1,128,1000,32,0,139
1,128,1000,32,0,130
1,128,1000,32,0,753
1,128,1000,32,0,146
1,128,1000,32,0,226
1,128,1000,32,0,810
1,128,1000,32,0,899
1,128,1000,32,0,137
1,128,1000,32,0,164
1,128,1000,32,0,1458
1,128,1000,32,0,2241
1,128,1000,32,0,572
1,128,1000,32,0,4188
1,128,1000,32,0,1402
1,128,1000,32,0,142
1,128,1000,32,0,4179
1,128,1000,32,0,132
1,128,1000,32,0,1802
1,128,1000,32,0,455
1,128,1000,32,0,143
1,128,1000,32,0,560
1,128,1000,32,0,225
1,128,1000,32,0,140
1,128,1000,32,0,145
1,128,1000,32,0,157
1,128,1000,32,0,653
1,128,1000,32,0,173
1,128,1000,32,0,610
1,128,1000,32,0,2568
1,128,1000,32,0,209
1,128,1000,32,0,2513
1,128,1000,32,0,968
1,128,1000,32,0,131
1,128,1000,32,0,423
1,128,1000,32,0,139
1,128,1000,32,0,146
1,128,1000,32,0,163
1,128,1000,32,0,223
1,128,1000,32,0,3256
1,128,1000,32,0,411
1,128,1000,32,0,606
1,128,1000,32,0,142
1,128,1000,32,0,133
1,128,1000,32,0,537
1,128,1000,32,0,165
1,128,1000,32,0,170
1,128,1000,32,0,206
1,128,1000,32,0,516
1,128,1000,32,0,140
1,128,1000,32,0,142
1,128,1000,32,0,612
1,128,1000,32,0,521
1,128,1000,32,0,1564
1,128,1000,32,0,163
1,128,1000,32,0,135
1,128,1000,32,0,139
1,128,1000,32,0,137
1,128,1000,32,0,138
1,128,1000,32,0,1720
1,128,1000,32,0,148
1,128,1000,32,0,154
1,128,1000,32,0,650
1,128,1000,32,0,1954
1,128,1000,32,0,4343
1,128,1000,32,0,374
1,128,1000,32,0,1694
1,128,1000,32,0,138
1,128,1000,32,0,1477
1,128,1000,32,0,137
1,128,1000,32,0,142
1,128,1000,32,0,169
1,128,1000,32,0,1188
1,128,1000,32,0,140
1,128,1000,32,0,718
1,128,1000,32,0,884
1,128,1000,32,0,186
1,128,1000,32,0,187
1,128,1000,32,0,206
1,128,1000,32,0,254
1,128,1000,32,0,1418
1,128,1000,32,0,729
1,128,1000,32,0,1335
1,128,1000,32,0,141
1,128,1000,32,0,592
1,128,1000,32,0,481
1,128,1000,32,0,146
1,128,1000,32,0,652
1,128,1000,32,0,1538
1,128,1000,32,0,141
1,128,1000,32,0,530
1,128,1000,32,0,143
1,128,1000,32,0,139
1,128,1000,32,0,2543
1,128,1000,32,0,162
1,128,1000,32,0,717
1,128,1000,32,0,1284
1,128,1000,32,0,1526
1,128,1000,32,0,498
1,128,1000,32,0,142
1,128,1000,32,0,139
1,128,1000,32,0,659
1,128,1000,32,0,886
1,128,1000,32,0,155
1,128,1000,32,0,806
1,128,1000,32,0,179
1,128,1000,32,0,136
1,128,1000,32,0,769
1,128,1000,32,0,130
1,128,1000,32,0,452
1,128,1000,32,0,133
1,128,1000,32,0,580
1,128,1000,32,0,1117
1,128,1000,32,0,968
1,128,1000,32,0,747
1,128,1000,32,0,134
1,128,1000,32,0,141
1,128,1000,32,0,3364
1,128,1000,32,0,133
1,128,1000,32,0,3496
1,128,1000,32,0,304
1,128,1000,32,0,142
1,128,1000,32,0,156
1,128,1000,32,0,159
1,128,1000,32,0,129
1,128,1000,32,0,142
1,128,1000,32,0,143
1,128,1000,32,0,191
1,128,1000,32,0,155
1,128,1000,32,0,378
1,128,1000,32,0,525
1,128,1000,32,0,136
1,128,1000,32,0,144
1,128,1000,32,0,314
1,128,1000,32,0,473
1,128,1000,32,0,378
1,128,1000,32,0,143
1,128,1000,32,0,180
1,128,1000,32,0,455
1,128,1000,32,0,258
1,128,1000,32,0,136
1,128,1000,32,0,137
1,128,1000,32,0,158
1,128,1000,32,0,214
1,128,1000,32,0,241
1,128,1000,32,0,770
1,128,1000,32,0,142
1,128,1000,32,0,4364
1,128,1000,32,0,545
1,128,1000,32,0,812
1,128,1000,32,0,2038
1,128,1000,32,0,206
1,128,1000,32,0,205
1,128,1000,32,0,268
1,128,1000,32,0,197
1,128,1000,32,0,774
1,128,1000,32,0,1391
1,128,1000,32,0,163
1,128,1000,32,0,137
1,128,1000,32,0,166
1,128,1000,32,0,2823
1,128,1000,32,0,1378
1,128,1000,32,0,141
1,128,1000,32,0,144
1,128,1000,32,0,133
1,128,1000,32,0,162
1,128,1000,32,0,3819
1,128,1000,32,0,2158
1,128,1000,32,0,170
1,128,1000,32,0,1113
1,128,1000,32,0,543
1,128,1000,32,0,140
1,128,1000,32,0,144
1,128,1000,32,0,136
1,128,1000,32,0,933
1,128,1000,32,0,1334
1,128,1000,32,0,171
1,128,1000,32,0,3393
1,128,1000,32,0,3637
1,128,1000,32,0,138
1,128,1000,32,0,2025
1,128,1000,32,0,144
1,128,1000,32,0,131
1,128,1000,32,0,164
1,128,1000,32,0,141
1,128,1000,32,0,327
1,128,1000,32,0,144
1,128,1000,32,0,1032
1,128,1000,32,0,135
1,128,1000,32,0,1938
1,128,1000,32,0,170
1,128,1000,32,0,814
1,128,1000,32,0,2887
1,128,1000,32,0,1591
1,128,1000,32,0,451
1,128,1000,32,0,3971
1,128,1000,32,0,155
1,128,1000,32,0,264
1,128,1000,32,0,138
1,128,1000,32,0,137
1,128,1000,32,0,137
1,128,1000,32,0,724
1,128,1000,32,0,679
1,128,1000,32,0,156
1,128,1000,32,0,198
1,128,1000,32,0,729
1,128,1000,32,0,138
1,128,1000,32,0,160
1,128,1000,32,0,565
1,128,1000,32,0,406
1,128,1000,32,0,229
1,128,1000,32,0,1304
1,128,1000,32,0,260
1,128,1000,32,0,141
1,128,1000,32,0,370
1,128,1000,32,0,194
1,128,1000,32,0,526
1,128,1000,32,0,378
1,128,1000,32,0,136
1,128,1000,32,0,499
1,128,1000,32,0,414
1,128,1000,32,0,128
1,128,1000,32,0,135
1,128,1000,32,0,142
1,128,1000,32,0,505
1,128,1000,32,0,136
1,128,1000,32,0,141
1,128,1000,32,0,163
1,128,1000,32,0,4236
1,128,1000,32,0,166
1,128,1000,32,0,143
1,128,1000,32,0,139
1,128,1000,32,0,137
1,128,1000,32,0,129
1,128,1000,32,0,794
1,128,1000,32,0,135
1,128,1000,32,0,2015
1,128,1000,32,0,1300
1,128,1000,32,0,1004
1,128,1000,32,0,138
1,128,1000,32,0,3118
1,128,1000,32,0,1272
1,128,1000,32,0,135
1,128,1000,32,0,251
1,128,1000,32,0,3639
1,128,1000,32,0,134
1,128,1000,32,0,139
1,128,1000,32,0,473
1,128,1000,32,0,137
1,128,1000,32,0,136
1,128,1000,32,0,156
1,128,1000,32,0,272
1,128,1000,32,0,130
1,128,1000,32,0,527
1,128,1000,32,0,477
1,128,1000,32,0,598
1,128,1000,32,0,439
1,128,1000,32,0,2495
1,128,1000,32,0,165
1,128,1000,32,0,164
1,128,1000,32,0,323
1,128,1000,32,0,147
1,128,1000,32,0,4204
1,128,1000,32,0,456
1,128,1000,32,0,162
1,128,1000,32,0,132
1,128,1000,32,0,171
1,128,1000,32,0,162
1,128,1000,32,0,1939
1,128,1000,32,0,347
1,128,1000,32,0,984
1,128,1000,32,0,135
1,128,1000,32,0,158
1,128,1000,32,0,262
1,128,1000,32,0,134
1,128,1000,32,0,161
1,128,1000,32,0,135
1,128,1000,32,0,3616
1,128,1000,32,0,146
1,128,1000,32,0,1468
1,128,1000,32,0,389
1,128,1000,32,0,343
1,128,1000,32,0,399
1,128,1000,32,0,136
1,128,1000,32,0,504
1,128,1000,32,0,2840
1,128,1000,32,0,182
1,128,1000,32,0,141
1,128,1000,32,0,896
1,128,1000,32,0,1300
1,128,100,32,0,16890
1,128,100,32,0,1707
1,128,100,32,0,2879
1,128,100,32,0,1219
1,128,100,32,0,1292
1,128,100,32,0,583
1,128,100,32,0,544
1,128,100,32,0,115
1,128,100,32,0,1940
1,128,100,32,0,256
1,128,100,32,0,1144
1,128,100,32,0,120
1,128,100,32,0,357
1,128,100,32,0,4020
1,128,100,32,0,2818
1,128,100,32,0,139
1,128,100,32,0,164
1,128,100,32,0,412
1,128,100,32,0,866
1,128,100,32,0,3006
1,128,100,32,0,114
1,128,100,32,0,114
1,128,100,32,0,124
1,128,100,32,0,231
1,128,100,32,0,173
1,128,100,32,0,586
1,128,100,32,0,112
1,128,100,32,0,2512
1,128,100,32,0,534
1,128,100,32,0,458
1,128,100,32,0,114
1,128,100,32,0,176
1,128,100,32,0,714
1,128,100,32,0,155
1,128,100,32,0,229
1,128,100,32,0,1376
1,128,100,32,0,1056
1,128,100,32,0,406
1,128,100,32,0,118
1,128,100,32,0,122
1,128,100,32,0,111
1,128,100,32,0,170
1,128,100,32,0,123
1,128,100,32,0,151
1,128,100,32,0,119
1,128,100,32,0,541
1,128,100,32,0,147
1,128,100,32,0,121
1,128,100,32,0,126
1,128,100,32,0,122
1,128,100,32,0,383
1,128,100,32,0,230
1,128,100,32,0,731
1,128,100,32,0,139
1,128,100,32,0,248
1,128,100,32,0,144
1,128,100,32,0,2295
1,128,100,32,0,1106
1,128,100,32,0,559
1,128,100,32,0,187
1,128,100,32,0,122
1,128,100,32,0,276
1,128,100,32,0,148
1,128,100,32,0,1708
1,128,100,32,0,177
1,128,100,32,0,1181
1,128,100,32,0,163
1,128,100,32,0,179
1,128,100,32,0,712
1,128,100,32,0,2769
1,128,100,32,0,115
1,128,100,32,0,119
1,128,100,32,0,123
1,128,100,32,0,116
1,128,100,32,0,159
1,128,100,32,0,485
1,128,100,32,0,757
1,128,100,32,0,1955
1,128,100,32,0,1970
1,128,100,32,0,121
1,128,100,32,0,784
1,128,100,32,0,111
1,128,100,32,0,120
1,128,100,32,0,118
1,128,100,32,0,118
1,128,100,32,0,550
1,128,100,32,0,116
1,128,100,32,0,150
1,128,100,32,0,123
1,128,100,32,0,336
1,128,100,32,0,111
1,128,100,32,0,277
1,128,100,32,0,338
1,128,100,32,0,1613
1,128,100,32,0,2650
1,128,100,32,0,807
1,128,100,32,0,1715
1,128,100,32,0,872
1,128,100,32,0,770
1,128,100,32,0,2255
1,128,100,32,0,526
1,128,100,32,0,298
1,128,100,32,0,1596
1,128,100,32,0,688
1,128,100,32,0,3751
1,128,100,32,0,156
1,128,100,32,0,1088
1,128,100,32,0,148
1,128,100,32,0,1299
1,128,100,32,0,117
1,128,100,32,0,1440
1,128,100,32,0,286
1,128,100,32,0,2485
1,128,100,32,0,385
1,128,100,32,0,1060
1,128,100,32,0,140
1,128,100,32,0,122
1,128,100,32,0,129
1,128,100,32,0,1684
1,128,100,32,0,115
1,128,100,32,0,130
1,128,100,32,0,168
1,128,100,32,0,1337
1,128,100,32,0,1400
1,128,100,32,0,261
1,128,100,32,0,2959
1,128,100,32,0,115
1,128,100,32,0,115
1,128,100,32,0,1525
1,128,100,32,0,115
1,128,100,32,0,3486
1,128,100,32,0,438
1,128,100,32,0,121
1,128,100,32,0,2530
1,128,100,32,0,169
1,128,100,32,0,198
1,128,100,32,0,603
1,128,100,32,0,646
1,128,100,32,0,2459
1,128,100,32,0,560
1,128,100,32,0,1426
1,128,100,32,0,118
1,128,100,32,0,592
1,128,100,32,0,330
1,128,100,32,0,1919
1,128,100,32,0,206
1,128,100,32,0,118
1,128,100,32,0,118
1,128,100,32,0,1452
1,128,100,32,0,115
1,128,100,32,0,204
1,128,100,32,0,169
1,128,100,32,0,169
1,128,100,32,0,1866
1,128,100,32,0,422
1,128,100,32,0,113
1,128,100,32,0,115
1,128,100,32,0,1855
1,128,100,32,0,121
1,128,100,32,0,945
1,128,100,32,0,181
1,128,100,32,0,233
1,128,100,32,0,159
1,128,100,32,0,287
1,128,100,32,0,632
1,128,100,32,0,176
1,128,100,32,0,124
1,128,100,32,0,2371
1,128,100,32,0,115
1,128,100,32,0,1825
1,128,100,32,0,114
1,128,100,32,0,126
1,128,100,32,0,2960
1,128,100,32,0,3799
1,128,100,32,0,304
1,128,100,32,0,152
1,128,100,32,0,167
1,128,100,32,0,2936
1,128,100,32,0,119
1,128,100,32,0,618
1,128,100,32,0,705
1,128,100,32,0,6034
1,128,100,32,0,110
1,128,100,32,0,1061
1,128,100,32,0,2061
1,128,100,32,0,127
1,128,100,32,0,128
1,128,100,32,0,139
1,128,100,32,0,713
1,128,100,32,0,511
1,128,100,32,0,110
1,128,100,32,0,118
1,128,100,32,0,119
1,128,100,32,0,1526
1,128,100,32,0,181
1,128,100,32,0,183
1,128,100,32,0,287
1,128,100,32,0,559
1,128,100,32,0,935
1,128,100,32,0,745
1,128,100,32,0,610
1,128,100,32,0,366
1,128,100,32,0,1839
1,128,100,32,0,428
1,128,100,32,0,223
1,128,100,32,0,204
1,128,100,32,0,1862
1,128,100,32,0,2467
1,128,100,32,0,111
1,128,100,32,0,1133
1,128,100,32,0,796
1,128,100,32,0,179
1,128,100,32,0,124
1,128,100,32,0,111
1,128,100,32,0,503
1,128,100,32,0,471
1,128,100,32,0,132
1,128,100,32,0,116
1,128,100,32,0,122
1,128,100,32,0,125
1,128,100,32,0,1047
1,128,100,32,0,150
1,128,100,32,0,608
1,128,100,32,0,323
1,128,100,32,0,165
1,128,100,32,0,114
1,128,100,32,0,113
1,128,100,32,0,121
1,128,100,32,0,114
1,128,100,32,0,879
1,128,100,32,0,366
1,128,100,32,0,152
1,128,100,32,0,1744
1,128,100,32,0,116
1,128,100,32,0,801
1,128,100,32,0,141
1,128,100,32,0,585
1,128,100,32,0,147
1,128,100,32,0,614
1,128,100,32,0,120
1,128,100,32,0,120
1,128,100,32,0,417
1,128,100,32,0,120
1,128,100,32,0,111
1,128,100,32,0,116
1,128,100,32,0,354
1,128,100,32,0,668
1,128,100,32,0,212
1,128,100,32,0,2720
1,128,100,32,0,173
1,128,100,32,0,118
1,128,100,32,0,349
1,128,100,32,0,616
1,128,100,32,0,124
1,128,100,32,0,120
1,128,100,32,0,199
1,128,100,32,0,116
1,128,100,32,0,113
1,128,100,32,0,274
1,128,100,32,0,125
1,128,100,32,0,2206
1,128,100,32,0,3040
1,128,100,32,0,850
1,128,100,32,0,179
1,128,100,32,0,179
1,128,100,32,0,1072
1,128,100,32,0,123
1,128,100,32,0,599
1,128,100,32,0,2895
1,128,100,32,0,2149
1,128,100,32,0,126
1,128,100,32,0,2080
1,128,100,32,0,2073
1,128,100,32,0,133
1,128,100,32,0,153
1,128,100,32,0,1130
1,128,100,32,0,1838
1,128,100,32,0,124
1,128,100,32,0,1321
1,128,100,32,0,898
1,128,100,32,0,968
1,128,100,32,0,121
1,128,100,32,0,1871
1,128,100,32,0,113
1,128,100,32,0,387
1,128,100,32,0,116
1,128,100,32,0,118
1,128,100,32,0,662
1,128,100,32,0,566
1,128,100,32,0,142
1,128,100,32,0,283
1,128,100,32,0,115
1,128,100,32,0,149
1,128,100,32,0,142
1,128,100,32,0,141
1,128,100,32,0,1239
1,128,100,32,0,1225
1,128,100,32,0,156
1,128,100,32,0,120
1,128,100,32,0,115
1,128,100,32,0,623
1,128,100,32,0,166
1,128,100,32,0,173
1,128,100,32,0,1234
1,128,100,32,0,1609
1,128,100,32,0,1528
1,128,100,32,0,628
1,128,100,32,0,846
1,128,100,32,0,597
1,128,100,32,0,137
1,128,100,32,0,150
1,128,100,32,0,129
1,128,100,32,0,135
1,128,100,32,0,208
1,128,100,32,0,166
1,128,100,32,0,173
1,128,100,32,0,159
1,128,100,32,0,273
1,128,100,32,0,1664
1,128,100,32,0,1312
1,128,100,32,0,183
1,128,100,32,0,121
1,128,100,32,0,2558
1,128,100,32,0,655
1,128,100,32,0,881
1,128,100,32,0,650
1,128,100,32,0,144
1,128,100,32,0,991
1,128,100,32,0,299
1,128,100,32,0,944
1,128,100,32,0,1268
1,128,100,32,0,115
1,128,100,32,0,476
1,128,100,32,0,2342
1,128,100,32,0,177
1,128,100,32,0,211
1,128,100,32,0,535
1,128,100,32,0,116
1,128,100,32,0,692
1,128,100,32,0,2330
1,128,100,32,0,168
1,128,100,32,0,3004
1,128,100,32,0,2949
1,128,100,32,0,429
1,128,100,32,0,132
1,128,100,32,0,123
1,128,100,32,0,3183
1,128,100,32,0,115
1,128,100,32,0,112
1,128,100,32,0,783
1,128,100,32,0,828
1,128,100,32,0,180
1,128,100,32,0,223
1,128,100,32,0,185
1,128,100,32,0,216
1,128,100,32,0,849
1,128,100,32,0,111
1,128,100,32,0,117
1,128,100,32,0,2192
1,128,100,32,0,2368
1,128,100,32,0,331
1,128,100,32,0,120
1,128,100,32,0,119
1,128,100,32,0,127
1,128,100,32,0,595
1,128,100,32,0,123
1,128,100,32,0,1003
1,128,100,32,0,912
1,128,100,32,0,573
1,128,100,32,0,968
1,128,100,32,0,139
1,128,100,32,0,119
1,128,100,32,0,260
1,128,100,32,0,126
1,128,100,32,0,114
1,128,100,32,0,113
1,128,100,32,0,113
1,128,100,32,0,115
1,128,100,32,0,119
1,128,100,32,0,1561
1,128,100,32,0,157
1,128,100,32,0,836
1,128,100,32,0,170
1,128,100,32,0,925
1,128,100,32,0,136
1,128,100,32,0,114
1,128,100,32,0,915
1,128,100,32,0,3529
1,128,100,32,0,112
1,128,100,32,0,683
1,128,100,32,0,626
1,128,100,32,0,676
1,128,100,32,0,479
1,128,100,32,0,402
1,128,100,32,0,333
1,128,100,32,0,183
1,128,100,32,0,179
1,128,100,32,0,165
1,128,100,32,0,4498
1,128,100,32,0,624
1,128,100,32,0,2757
1,128,100,32,0,709
1,128,100,32,0,114
1,128,100,32,0,116
1,128,100,32,0,115
1,128,100,32,0,144
1,128,100,32,0,426
1,128,100,32,0,404
1,128,100,32,0,406
1,128,100,32,0,704
1,128,100,32,0,186
1,128,100,32,0,925
1,128,100,32,0,558
1,128,100,32,0,144
1,128,100,32,0,131
1,128,100,32,0,368
1,128,100,32,0,1024
1,128,100,32,0,1896
1,128,100,32,0,291
1,128,100,32,0,139
1,128,100,32,0,127
1,128,100,32,0,1134
1,128,100,32,0,125
1,128,100,32,0,118
1,128,100,32,0,380
1,128,100,32,0,443
1,128,100,32,0,118
1,128,100,32,0,136
1,128,100,32,0,118
1,128,100,32,0,122
1,128,100,32,0,271
1,128,100,32,0,258
1,128,100,32,0,1784
1,128,100,32,0,133
1,128,100,32,0,984
1,128,100,32,0,794
1,128,100,32,0,152
1,128,100,32,0,115
1,128,100,32,0,112
1,128,100,32,0,488
1,128,100,32,0,1050
1,128,100,32,0,1468
1,128,100,32,0,626
1,128,100,32,0,141
1,128,100,32,0,693
1,128,100,32,0,544
1,128,100,32,0,119
1,128,100,32,0,3288
1,128,100,32,0,2571
1,128,100,32,0,517
1,128,100,32,0,687
1,128,100,32,0,128
1,128,100,32,0,113
1,128,100,32,0,401
1,128,100,32,0,762
1,128,100,32,0,299
1,128,100,32,0,132
1,128,100,32,0,147
1,128,100,32,0,2250
1,128,100,32,0,116
1,128,100,32,0,820
1,128,100,32,0,3413
1,128,100,32,0,1442
1,128,100,32,0,654
1,128,100,32,0,138
1,128,100,32,0,4857
1,128,100,32,0,117
1,128,100,32,0,122
1,128,100,32,0,1786
1,128,100,32,0,495
1,128,100,32,0,658
1,128,100,32,0,898
1,128,100,32,0,134
1,128,100,32,0,820
1,128,100,32,0,121
1,128,100,32,0,6558
1,128,100,32,0,143
1,128,100,32,0,620
1,128,100,32,0,732
1,128,100,32,0,127
1,128,100,32,0,1407
1,128,100,32,0,167
1,128,100,32,0,359
1,128,100,32,0,112
1,128,100,32,0,3715
1,128,100,32,0,786
1,128,100,32,0,119
1,128,100,32,0,118
1,128,100,32,0,118
1,128,100,32,0,110
1,128,100,32,0,421
1,128,100,32,0,492
1,128,100,32,0,119
1,128,100,32,0,113
1,128,100,32,0,113
1,128,100,32,0,372
1,128,100,32,0,372
1,128,100,32,0,599
1,128,100,32,0,379
1,128,100,32,0,151
1,128,100,32,0,491
1,128,100,32,0,172
1,128,100,32,0,650
1,128,100,32,0,112
1,128,100,32,0,142
1,128,100,32,0,2955
1,128,100,32,0,139
1,128,100,32,0,116
1,128,100,32,0,695
1,128,100,32,0,121
1,128,100,32,0,123
1,128,100,32,0,683
1,128,100,32,0,865
1,128,100,32,0,1253
1,128,100,32,0,748
1,128,100,32,0,124
1,128,100,32,0,117
1,128,100,32,0,1098
1,128,100,32,0,1716
1,128,100,32,0,138
1,128,100,32,0,1664
1,128,100,32,0,3041
1,128,100,32,0,340
1,128,100,32,0,2764
1,128,100,32,0,118
1,128,100,32,0,109
1,128,100,32,0,715
1,128,100,32,0,2430
1,128,100,32,0,176
1,128,100,32,0,1493
1,128,100,32,0,153
1,128,100,32,0,1909
1,128,100,32,0,248
1,128,100,32,0,1192
1,128,100,32,0,1951
1,128,100,32,0,127
1,128,100,32,0,112
1,128,100,32,0,715
1,128,100,32,0,119
1,128,100,32,0,1578
1,128,100,32,0,654
1,128,100,32,0,692
1,128,100,32,0,538
1,128,100,32,0,142
1,128,100,32,0,229
1,128,100,32,0,1161
1,128,100,32,0,112
1,128,100,32,0,246
1,128,100,32,0,114
1,128,100,32,0,113
1,128,100,32,0,126
1,128,100,32,0,1787
1,128,100,32,0,125
1,128,100,32,0,387
1,128,100,32,0,281
1,128,100,32,0,954
1,128,100,32,0,109
1,128,100,32,0,113
1,128,100,32,0,124
1,128,100,32,0,108
1,128,100,32,0,118
1,128,100,32,0,426
1,128,100,32,0,178
1,128,100,32,0,427
1,128,100,32,0,904
1,128,100,32,0,119
1,128,100,32,0,2419
1,128,100,32,0,117
1,128,100,32,0,1080
1,128,100,32,0,3077
1,128,100,32,0,552
1,128,100,32,0,1665
1,128,100,32,0,194
1,128,100,32,0,1538
1,128,100,32,0,939
1,128,100,32,0,262
1,128,100,32,0,832
1,128,100,32,0,170
1,128,100,32,0,529
1,128,100,32,0,145
1,128,100,32,0,114
1,128,100,32,0,118
1,128,100,32,0,374
1,128,100,32,0,121
1,128,100,32,0,125
1,128,100,32,0,117
1,128,100,32,0,4029
1,128,100,32,0,120
1,128,100,32,0,122
1,128,100,32,0,143
1,128,100,32,0,116
1,128,100,32,0,2556
1,128,100,32,0,528
1,128,100,32,0,1444
1,128,100,32,0,120
1,128,100,32,0,1100
1,128,100,32,0,154
1,128,100,32,0,3371
1,128,100,32,0,493
1,128,100,32,0,137
1,128,100,32,0,423
1,128,100,32,0,289
1,128,100,32,0,116
1,128,100,32,0,147
1,128,100,32,0,963
1,128,100,32,0,2480
1,128,100,32,0,374
1,128,100,32,0,2313
1,128,100,32,0,553
1,128,100,32,0,124
1,128,100,32,0,153
1,128,100,32,0,111
1,128,100,32,0,143
1,128,100,32,0,142
1,128,100,32,0,240
1,128,100,32,0,179
1,128,100,32,0,134
1,128,100,32,0,950
1,128,100,32,0,739
1,128,100,32,0,125
1,128,100,32,0,3215
1,128,100,32,0,325
1,128,100,32,0,818
1,128,100,32,0,139
1,128,100,32,0,724
1,128,100,32,0,140
1,128,100,32,0,199
1,128,100,32,0,114
1,128,100,32,0,1231
1,128,100,32,0,385
1,128,100,32,0,131
1,128,100,32,0,4774
1,128,100,32,0,442
1,128,100,32,0,127
1,128,100,32,0,2526
1,128,100,32,0,120
1,128,100,32,0,114
1,128,100,32,0,112
1,128,100,32,0,723
1,128,100,32,0,361
1,128,100,32,0,291
1,128,100,32,0,179
1,128,100,32,0,2240
1,128,100,32,0,114
1,128,100,32,0,114
1,128,100,32,0,1574
1,128,100,32,0,155
1,128,100,32,0,1725
1,128,100,32,0,111
1,128,100,32,0,1353
1,128,100,32,0,411
1,128,100,32,0,1181
1,128,100,32,0,2086
1,128,100,32,0,308
1,128,100,32,0,204
1,128,100,32,0,173
1,128,100,32,0,1018
1,128,100,32,0,289
1,128,100,32,0,844
1,128,100,32,0,408
1,128,100,32,0,759
1,128,100,32,0,2594
1,128,100,32,0,664
1,128,100,32,0,112
1,128,100,32,0,703
1,128,100,32,0,149
1,128,100,32,0,587
1,128,100,32,0,865
1,128,100,32,0,1346
1,128,100,32,0,135
1,128,100,32,0,2027
1,128,100,32,0,119
1,128,100,32,0,214
1,128,100,32,0,167
1,128,100,32,0,372
1,128,100,32,0,691
1,128,100,32,0,150
1,128,100,32,0,933
1,128,100,32,0,466
1,128,100,32,0,430
1,128,100,32,0,117
1,128,100,32,0,569
1,128,100,32,0,206
1,128,100,32,0,133
1,128,100,32,0,1318
1,128,100,32,0,115
1,128,100,32,0,322
1,128,100,32,0,588
1,128,100,32,0,209
1,128,100,32,0,1799
1,128,100,32,0,446
1,128,100,32,0,177
1,128,100,32,0,181
1,128,100,32,0,157
1,128,100,32,0,737
1,128,100,32,0,1261
1,128,100,32,0,722
1,128,100,32,0,116
1,128,100,32,0,137
1,128,100,32,0,142
1,128,100,32,0,140
1,128,100,32,0,134
1,128,100,32,0,124
1,128,100,32,0,142
1,128,100,32,0,574
1,128,100,32,0,1395
1,128,100,32,0,205
1,128,100,32,0,480
1,128,100,32,0,129
1,128,100,32,0,519
1,128,100,32,0,4400
1,128,100,32,0,241
1,128,100,32,0,175
1,128,100,32,0,116
1,128,100,32,0,113
1,128,100,32,0,2922
1,128,100,32,0,1894
1,128,100,32,0,382
1,128,100,32,0,2861
1,128,100,32,0,499
1,128,100,32,0,538
1,128,100,32,0,874
1,128,100,32,0,122
1,128,100,32,0,114
1,128,100,32,0,135
1,128,100,32,0,117
1,128,100,32,0,115
1,128,100,32,0,461
1,128,100,32,0,223
1,128,100,32,0,1296
1,128,100,32,0,134
1,128,100,32,0,135
1,128,100,32,0,145
1,128,100,32,0,124
1,128,100,32,0,335
1,128,100,32,0,165
1,128,100,32,0,2162
1,128,100,32,0,653
1,128,100,32,0,768
1,128,100,32,0,211
1,128,100,32,0,164
1,128,100,32,0,187
1,128,100,32,0,872
1,128,100,32,0,208
1,128,100,32,0,4602
1,128,100,32,0,3214
1,128,100,32,0,800
1,128,100,32,0,108
1,128,100,32,0,118
1,128,100,32,0,108
1,128,100,32,0,120
1,128,100,32,0,1794
1,128,100,32,0,1285
1,128,100,32,0,177
1,128,100,32,0,164
1,128,100,32,0,181
1,128,100,32,0,174
1,128,100,32,0,968
1,128,100,32,0,112
1,128,100,32,0,117
1,128,100,32,0,258
1,128,100,32,0,131
1,128,100,32,0,1284
1,128,100,32,0,113
1,128,100,32,0,483
1,128,100,32,0,117
1,128,100,32,0,144
1,128,100,32,0,1734
1,128,100,32,0,137
1,128,100,32,0,4159
1,128,100,32,0,1043
1,128,100,32,0,179
1,128,100,32,0,173
1,128,100,32,0,155
1,128,100,32,0,169
1,128,100,32,0,3109
1,128,100,32,0,110
1,128,100,32,0,538
1,128,100,32,0,184
1,128,100,32,0,182
1,128,100,32,0,175
1,128,100,32,0,170
1,128,100,32,0,181
1,128,100,32,0,709
1,128,100,32,0,4956
1,128,100,32,0,129
1,128,100,32,0,122
1,128,100,32,0,128
1,128,100,32,0,152
1,128,100,32,0,133
1,128,100,32,0,925
1,128,100,32,0,103
1,128,100,32,0,478
1,128,100,32,0,149
1,128,100,32,0,120
1,128,100,32,0,309
1,128,100,32,0,118
1,128,100,32,0,116
1,128,100,32,0,108
1,128,100,32,0,412
1,128,100,32,0,499
1,128,100,32,0,3259
1,128,100,32,0,864
1,128,100,32,0,2292
1,128,100,32,0,164
1,128,100,32,0,123
1,128,100,32,0,116
1,128,100,32,0,115
1,128,100,32,0,118
1,128,100,32,0,115
1,128,100,32,0,112
1,128,100,32,0,149
1,128,100,32,0,246
1,128,100,32,0,1808
1,128,100,32,0,821
1,128,100,32,0,124
1,128,100,32,0,1760
1,128,100,32,0,1030
1,128,100,32,0,893
1,128,100,32,0,165
1,128,100,32,0,893
1,128,100,32,0,173
1,128,100,32,0,707
1,128,100,32,0,3481
1,128,100,32,0,3813
1,128,100,32,0,616
1,128,100,32,0,1073
1,128,100,32,0,142
1,128,100,32,0,116
1,128,100,32,0,115
1,128,100,32,0,111
1,128,100,32,0,621
1,128,100,32,0,146
1,128,100,32,0,148
1,128,100,32,0,126
1,128,100,32,0,116
1,128,100,32,0,134
1,128,100,32,0,121
1,128,10,32,0,151326
1,128,10,32,0,285279
1,128,10,32,0,369
1,128,10,32,0,184
1,128,10,32,0,767
1,128,10,32,0,2252
1,128,10,32,0,147
1,128,10,32,0,144
1,128,10,32,0,146
1,128,10,32,0,302
1,128,10,32,0,864
1,128,10,32,0,138
1,128,10,32,0,137
1,128,10,32,0,151
1,128,10,32,0,153
1,128,10,32,0,961
1,128,10,32,0,242
1,128,10,32,0,435
1,128,10,32,0,526
1,128,10,32,0,161
1,128,10,32,0,151
1,128,10,32,0,609
1,128,10,32,0,181
1,128,10,32,0,3743
1,128,10,32,0,261
1,128,10,32,0,145
1,128,10,32,0,354
1,128,10,32,0,601
1,128,10,32,0,146
1,128,10,32,0,406
1,128,10,32,0,301
1,128,10,32,0,166
1,128,10,32,0,399
1,128,10,32,0,153
1,128,10,32,0,140
1,128,10,32,0,151
1,128,10,32,0,255
1,128,10,32,0,238
1,128,10,32,0,164
1,128,10,32,0,1043
1,128,10,32,0,218
1,128,10,32,0,1006
1,128,10,32,0,140
1,128,10,32,0,272
1,128,10,32,0,562
1,128,10,32,0,2599
1,128,10,32,0,155
1,128,10,32,0,756
1,128,10,32,0,459
1,128,10,32,0,977
1,128,10,32,0,2327
1,128,10,32,0,150
1,128,10,32,0,153
1,128,10,32,0,161
1,128,10,32,0,130
1,128,10,32,0,172
1,128,10,32,0,223
1,128,10,32,0,804
1,128,10,32,0,160
1,128,10,32,0,151
1,128,10,32,0,155
1,128,10,32,0,191
1,128,10,32,0,151
1,128,10,32,0,627
1,128,10,32,0,155
1,128,10,32,0,1124
1,128,10,32,0,721
1,128,10,32,0,660
1,128,10,32,0,146
1,128,10,32,0,438
1,128,10,32,0,143
1,128,10,32,0,868
1,128,10,32,0,208
1,128,10,32,0,168
1,128,10,32,0,168
1,128,10,32,0,167
1,128,10,32,0,157
1,128,10,32,0,2380
1,128,10,32,0,204
1,128,10,32,0,178
1,128,10,32,0,1470
1,128,10,32,0,149
1,128,10,32,0,145
1,128,10,32,0,3009
1,128,10,32,0,207
1,128,10,32,0,240
1,128,10,32,0,186
1,128,10,32,0,435
1,128,10,32,0,594
1,128,10,32,0,191
1,128,10,32,0,290
1,128,10,32,0,521
1,128,10,32,0,509
1,128,10,32,0,716
1,128,10,32,0,609
1,128,10,32,0,1076
1,128,10,32,0,3611
1,128,10,32,0,255
1,128,10,32,0,1375
1,128,10,32,0,156
1,128,10,32,0,1426
1,128,10,32,0,145
1,128,10,32,0,178
1,128,10,32,0,539
1,128,10,32,0,154
1,128,10,32,0,149
1,128,10,32,0,147
1,128,10,32,0,451
1,128,10,32,0,604
1,128,10,32,0,902
1,128,10,32,0,654
1,128,10,32,0,153
1,128,10,32,0,369
1,128,10,32,0,150
1,128,10,32,0,374
1,128,10,32,0,148
1,128,10,32,0,142
1,128,10,32,0,155
1,128,10,32,0,341
1,128,10,32,0,899
1,128,10,32,0,869
1,128,10,32,0,160
1,128,10,32,0,140
1,128,10,32,0,69
1,128,10,32,0,163
1,128,10,32,0,128
1,128,10,32,0,340
1,128,10,32,0,1302
1,128,10,32,0,139
1,128,10,32,0,137
1,128,10,32,0,445
1,128,10,32,0,129
1,128,10,32,0,134
1,128,10,32,0,138
1,128,10,32,0,665
1,128,10,32,0,168
1,128,10,32,0,1030
1,128,10,32,0,1274
1,128,10,32,0,505
1,128,10,32,0,181
1,128,10,32,0,177
1,128,10,32,0,504
1,128,10,32,0,898
1,128,10,32,0,655
1,128,10,32,0,141
1,128,10,32,0,143
1,128,10,32,0,134
1,128,10,32,0,142
1,128,10,32,0,580
1,128,10,32,0,201
1,128,10,32,0,573
1,128,10,32,0,267
1,128,10,32,0,156
1,128,10,32,0,152
1,128,10,32,0,469
1,128,10,32,0,11140
1,128,10,32,0,134
1,128,10,32,0,353
1,128,10,32,0,142
1,128,10,32,0,1160
1,128,10,32,0,766
1,128,10,32,0,131
1,128,10,32,0,155
1,128,10,32,0,221
1,128,10,32,0,127
1,128,10,32,0,664
1,128,10,32,0,557
1,128,10,32,0,165
1,128,10,32,0,133
1,128,10,32,0,126
1,128,10,32,0,472
1,128,10,32,0,146
1,128,10,32,0,278
1,128,10,32,0,405
1,128,10,32,0,176
1,128,10,32,0,170
1,128,10,32,0,492
1,128,10,32,0,130
1,128,10,32,0,138
1,128,10,32,0,138
1,128,10,32,0,131
1,128,10,32,0,178
1,128,10,32,0,242
1,128,10,32,0,207
1,128,10,32,0,190
1,128,10,32,0,193
1,128,10,32,0,574
1,128,10,32,0,199
1,128,10,32,0,2308
1,128,10,32,0,136
1,128,10,32,0,2469
1,128,10,32,0,139
1,128,10,32,0,141
1,128,10,32,0,1131
1,128,10,32,0,136
1,128,10,32,0,397
1,128,10,32,0,189
1,128,10,32,0,1061
1,128,10,32,0,339
1,128,10,32,0,139
1,128,10,32,0,137
1,128,10,32,0,3118
1,128,10,32,0,701
1,128,10,32,0,166
1,128,10,32,0,196
1,128,10,32,0,138
1,128,10,32,0,185
1,128,10,32,0,192
1,128,10,32,0,136
1,128,10,32,0,379
1,128,10,32,0,140
1,128,10,32,0,201
1,128,10,32,0,148
1,128,10,32,0,1238
1,128,10,32,0,238
1,128,10,32,0,572
1,128,10,32,0,471
1,128,10,32,0,1318
1,128,10,32,0,149
1,128,10,32,0,609
1,128,10,32,0,131
1,128,10,32,0,136
1,128,10,32,0,1283
1,128,10,32,0,2475
1,128,10,32,0,163
1,128,10,32,0,585
1,128,10,32,0,199
1,128,10,32,0,694
1,128,10,32,0,248
1,128,10,32,0,142
1,128,10,32,0,215
1,128,10,32,0,2306
1,128,10,32,0,153
1,128,10,32,0,351
1,128,10,32,0,254
1,128,10,32,0,368
1,128,10,32,0,563
1,128,10,32,0,534
1,128,10,32,0,1546
1,128,10,32,0,3641
1,128,10,32,0,1156
1,128,10,32,0,152
1,128,10,32,0,1438
1,128,10,32,0,143
1,128,10,32,0,503
1,128,10,32,0,146
1,128,10,32,0,142
1,128,10,32,0,1943
1,128,10,32,0,588
1,128,10,32,0,3440
1,128,10,32,0,147
1,128,10,32,0,152
1,128,10,32,0,272
1,128,10,32,0,1498
1,128,10,32,0,554
1,128,10,32,0,703
1,128,10,32,0,154
1,128,10,32,0,210
1,128,10,32,0,526
1,128,10,32,0,141
1,128,10,32,0,460
1,128,10,32,0,615
1,128,10,32,0,1056
1,128,10,32,0,509
1,128,10,32,0,153
1,128,10,32,0,175
1,128,10,32,0,716
1,128,10,32,0,2688
1,128,10,32,0,373
1,128,10,32,0,188
1,128,10,32,0,1032
1,128,10,32,0,213
1,128,10,32,0,133
1,128,10,32,0,136
1,128,10,32,0,152
1,128,10,32,0,259
1,128,10,32,0,130
1,128,10,32,0,148
1,128,10,32,0,140
1,128,10,32,0,136
1,128,10,32,0,336
1,128,10,32,0,294
1,128,10,32,0,613
1,128,10,32,0,249
1,128,10,32,0,239
1,128,10,32,0,175
1,128,10,32,0,254
1,128,10,32,0,480
1,128,10,32,0,144
1,128,10,32,0,156
1,128,10,32,0,134
1,128,10,32,0,1092
1,128,10,32,0,139
1,128,10,32,0,142
1,128,10,32,0,155
1,128,10,32,0,1452
1,128,10,32,0,986
1,128,10,32,0,162
1,128,10,32,0,516
1,128,10,32,0,1730
1,128,10,32,0,1427
1,128,10,32,0,168
1,128,10,32,0,162
1,128,10,32,0,148
1,128,10,32,0,921
1,128,10,32,0,437
1,128,10,32,0,142
1,128,10,32,0,1688
1,128,10,32,0,795
1,128,10,32,0,3610
1,128,10,32,0,567
1,128,10,32,0,137
1,128,10,32,0,660
1,128,10,32,0,1066
1,128,10,32,0,323
1,128,10,32,0,193
1,128,10,32,0,2854
1,128,10,32,0,2148
1,128,10,32,0,141
1,128,10,32,0,134
1,128,10,32,0,134
1,128,10,32,0,842
1,128,10,32,0,239
1,128,10,32,0,143
1,128,10,32,0,139
1,128,10,32,0,139
1,128,10,32,0,136
1,128,10,32,0,137
1,128,10,32,0,3448
1,128,10,32,0,339
1,128,10,32,0,2217
1,128,10,32,0,3772
1,128,10,32,0,164
1,128,10,32,0,146
1,128,10,32,0,179
1,128,10,32,0,1870
1,128,10,32,0,184
1,128,10,32,0,963
1,128,10,32,0,156
1,128,10,32,0,133
1,128,10,32,0,4012
1,128,10,32,0,849
1,128,10,32,0,138
1,128,10,32,0,228
1,128,10,32,0,573
1,128,10,32,0,340
1,128,10,32,0,3008
1,128,10,32,0,143
1,128,10,32,0,138
1,128,10,32,0,186
1,128,10,32,0,125
1,128,10,32,0,133
1,128,10,32,0,139
1,128,10,32,0,220
1,128,10,32,0,421
1,128,10,32,0,367
1,128,10,32,0,131
1,128,10,32,0,141
1,128,10,32,0,258
1,128,10,32,0,157
1,128,10,32,0,175
1,128,10,32,0,709
1,128,10,32,0,130
1,128,10,32,0,1108
1,128,10,32,0,163
1,128,10,32,0,150
1,128,10,32,0,147
1,128,10,32,0,254
1,128,10,32,0,157
1,128,10,32,0,721
1,128,10,32,0,3858
1,128,10,32,0,321
1,128,10,32,0,179
1,128,10,32,0,196
1,128,10,32,0,136
1,128,10,32,0,153
1,128,10,32,0,153
1,128,10,32,0,245
1,128,10,32,0,413
1,128,10,32,0,1760
1,128,10,32,0,127
1,128,10,32,0,1102
1,128,10,32,0,373
1,128,10,32,0,221
1,128,10,32,0,538
1,128,10,32,0,167
1,128,10,32,0,139
1,128,10,32,0,1005
1,128,10,32,0,141
1,128,10,32,0,277
1,128,10,32,0,604
1,128,10,32,0,207
1,128,10,32,0,215
1,128,10,32,0,219
1,128,10,32,0,138
1,128,10,32,0,151
1,128,10,32,0,455
1,128,10,32,0,191
1,128,10,32,0,2032
1,128,10,32,0,140
1,128,10,32,0,143
1,128,10,32,0,138
1,128,10,32,0,4896
1,128,10,32,0,455
1,128,10,32,0,318
1,128,10,32,0,138
1,128,10,32,0,144
1,128,10,32,0,281
1,128,10,32,0,348
1,128,10,32,0,136
1,128,10,32,0,238
1,128,10,32,0,467
1,128,10,32,0,843
1,128,10,32,0,217
1,128,10,32,0,974
1,128,10,32,0,1477
1,128,10,32,0,195
1,128,10,32,0,797
1,128,10,32,0,1621
1,128,10,32,0,742
1,128,10,32,0,207
1,128,10,32,0,397
1,128,10,32,0,1829
1,128,10,32,0,309
1,128,10,32,0,595
1,128,10,32,0,529
1,128,10,32,0,133
1,128,10,32,0,181
1,128,10,32,0,1036
1,128,10,32,0,914
1,128,10,32,0,141
1,128,10,32,0,789
1,128,10,32,0,145
1,128,10,32,0,142
1,128,10,32,0,142
1,128,10,32,0,135
1,128,10,32,0,175
1,128,10,32,0,394
1,128,10,32,0,144
1,128,10,32,0,372
1,128,10,32,0,141
1,128,10,32,0,412
1,128,10,32,0,145
1,128,10,32,0,140
1,128,10,32,0,878
1,128,10,32,0,332
1,128,10,32,0,163
1,128,10,32,0,139
1,128,10,32,0,141
1,128,10,32,0,139
1,128,10,32,0,202
1,128,10,32,0,139
1,128,10,32,0,167
1,128,10,32,0,187
1,128,10,32,0,628
1,128,10,32,0,331
1,128,10,32,0,364
1,128,10,32,0,2483
1,128,10,32,0,180
1,128,10,32,0,1045
1,128,10,32,0,615
1,128,10,32,0,138
1,128,10,32,0,223
1,128,10,32,0,176
1,128,10,32,0,144
1,128,10,32,0,141
1,128,10,32,0,2037
1,128,10,32,0,142
1,128,10,32,0,533
1,128,10,32,0,358
1,128,10,32,0,139
1,128,10,32,0,132
1,128,10,32,0,684
1,128,10,32,0,145
1,128,10,32,0,323
1,128,10,32,0,136
1,128,10,32,0,537
1,128,10,32,0,354
1,128,10,32,0,145
1,128,10,32,0,2701
1,128,10,32,0,140
1,128,10,32,0,517
1,128,10,32,0,141
1,128,10,32,0,218
1,128,10,32,0,1600
1,128,10,32,0,154
1,128,10,32,0,175
1,128,10,32,0,1142
1,128,10,32,0,909
1,128,10,32,0,1486
1,128,10,32,0,1031
1,128,10,32,0,185
1,128,10,32,0,194
1,128,10,32,0,1369
1,128,10,32,0,458
1,128,10,32,0,705
1,128,10,32,0,142
1,128,10,32,0,170
1,128,10,32,0,419
1,128,10,32,0,1135
1,128,10,32,0,188
1,128,10,32,0,2328
1,128,10,32,0,192
1,128,10,32,0,185
1,128,10,32,0,195
1,128,10,32,0,197
1,128,10,32,0,343
1,128,10,32,0,418
1,128,10,32,0,141
1,128,10,32,0,665
1,128,10,32,0,671
1,128,10,32,0,676
1,128,10,32,0,247
1,128,10,32,0,254
1,128,10,32,0,1408
1,128,10,32,0,179
1,128,10,32,0,159
1,128,10,32,0,200
1,128,10,32,0,795
1,128,10,32,0,453
1,128,10,32,0,150
1,128,10,32,0,146
1,128,10,32,0,129
1,128,10,32,0,140
1,128,10,32,0,157
1,128,10,32,0,199
1,128,10,32,0,629
1,128,10,32,0,199
1,128,10,32,0,186
1,128,10,32,0,133
1,128,10,32,0,135
1,128,10,32,0,152
1,128,10,32,0,3164
1,128,10,32,0,7204
1,128,10,32,0,135
1,128,10,32,0,283
1,128,10,32,0,136
1,128,10,32,0,155
1,128,10,32,0,171
1,128,10,32,0,166
1,128,10,32,0,198
1,128,10,32,0,1574
1,128,10,32,0,527
1,128,10,32,0,322
1,128,10,32,0,130
1,128,10,32,0,265
1,128,10,32,0,1283
1,128,10,32,0,401
1,128,10,32,0,1961
1,128,10,32,0,154
1,128,10,32,0,3735
1,128,10,32,0,478
1,128,10,32,0,134
1,128,10,32,0,1946
1,128,10,32,0,159
1,128,10,32,0,1939
1,128,10,32,0,198
1,128,10,32,0,139
1,128,10,32,0,137
1,128,10,32,0,389
1,128,10,32,0,215
1,128,10,32,0,245
1,128,10,32,0,182
1,128,10,32,0,609
1,128,10,32,0,139
1,128,10,32,0,3938
1,128,10,32,0,286
1,128,10,32,0,703
1,128,10,32,0,448
1,128,10,32,0,1334
1,128,10,32,0,130
1,128,10,32,0,708
1,128,10,32,0,164
1,128,10,32,0,4353
1,128,10,32,0,140
1,128,10,32,0,743
1,128,10,32,0,142
1,128,10,32,0,140
1,128,10,32,0,791
1,128,10,32,0,3057
1,128,10,32,0,138
1,128,10,32,0,170
1,128,10,32,0,3369
1,128,10,32,0,130
1,128,10,32,0,130
1,128,10,32,0,1505
1,128,10,32,0,167
1,128,10,32,0,133
1,128,10,32,0,140
1,128,10,32,0,2031
1,128,10,32,0,202
1,128,10,32,0,420
1,128,10,32,0,1074
1,128,10,32,0,210
1,128,10,32,0,5561
1,128,10,32,0,354
1,128,10,32,0,195
1,128,10,32,0,564
1,128,10,32,0,729
1,128,10,32,0,138
1,128,10,32,0,146
1,128,10,32,0,1756
1,128,10,32,0,189
1,128,10,32,0,197
1,128,10,32,0,194
1,128,10,32,0,210
1,128,10,32,0,205
1,128,10,32,0,457
1,128,10,32,0,144
1,128,10,32,0,133
1,128,10,32,0,347
1,128,10,32,0,133
1,128,10,32,0,1242
1,128,10,32,0,136
1,128,10,32,0,270
1,128,10,32,0,138
1,128,10,32,0,133
1,128,10,32,0,156
1,128,10,32,0,141
1,128,10,32,0,357
1,128,10,32,0,133
1,128,10,32,0,2353
1,128,10,32,0,143
1,128,10,32,0,826
1,128,10,32,0,1259
1,128,10,32,0,188
1,128,10,32,0,305
1,128,10,32,0,139
1,128,10,32,0,139
1,128,10,32,0,138
1,128,10,32,0,139
1,128,10,32,0,515
1,128,10,32,0,134
1,128,10,32,0,688
1,128,10,32,0,2099
1,128,10,32,0,143
1,128,10,32,0,186
1,128,10,32,0,354
1,128,10,32,0,287
1,128,10,32,0,511
1,128,10,32,0,1255
1,128,10,32,0,135
1,128,10,32,0,150
1,128,10,32,0,134
1,128,10,32,0,142
1,128,10,32,0,296
1,128,10,32,0,146
1,128,10,32,0,537
1,128,10,32,0,624
1,128,10,32,0,3846
1,128,10,32,0,1816
1,128,10,32,0,559
1,128,10,32,0,192
1,128,10,32,0,239
1,128,10,32,0,132
1,128,10,32,0,974
1,128,10,32,0,798
1,128,10,32,0,770
1,128,10,32,0,141
1,128,10,32,0,1235
1,128,10,32,0,145
1,128,10,32,0,163
1,128,10,32,0,145
1,128,10,32,0,295
1,128,10,32,0,1611
1,128,10,32,0,602
1,128,10,32,0,142
1,128,10,32,0,1823
1,128,10,32,0,143
1,128,10,32,0,768
1,128,10,32,0,141
1,128,10,32,0,1781
1,128,10,32,0,288
1,128,10,32,0,186
1,128,10,32,0,191
1,128,10,32,0,451
1,128,10,32,0,815
1,128,10,32,0,545
1,128,10,32,0,147
1,128,10,32,0,1508
1,128,10,32,0,1198
1,128,10,32,0,151
1,128,10,32,0,139
1,128,10,32,0,3588
1,128,10,32,0,694
1,128,10,32,0,131
1,128,10,32,0,136
1,128,10,32,0,123
1,128,10,32,0,134
1,128,10,32,0,139
1,128,10,32,0,137
1,128,10,32,0,3648
1,128,10,32,0,138
1,128,10,32,0,576
1,128,10,32,0,145
1,128,10,32,0,142
1,128,10,32,0,145
1,128,10,32,0,1242
1,128,10,32,0,394
1,128,10,32,0,148
1,128,10,32,0,140
1,128,10,32,0,491
1,128,10,32,0,138
1,128,10,32,0,138
1,128,10,32,0,129
1,128,10,32,0,342
1,128,10,32,0,213
1,128,10,32,0,192
1,128,10,32,0,191
1,128,10,32,0,211
1,128,10,32,0,233
1,128,10,32,0,188
1,128,10,32,0,640
1,128,10,32,0,399
1,128,10,32,0,195
1,128,10,32,0,139
1,128,10,32,0,659
1,128,10,32,0,2179
1,128,10,32,0,860
1,128,10,32,0,334
1,128,10,32,0,413
1,128,10,32,0,603
1,128,10,32,0,140
1,128,10,32,0,160
1,128,10,32,0,285
1,128,10,32,0,437
1,128,10,32,0,519
1,128,10,32,0,207
1,128,10,32,0,735
1,128,10,32,0,151
1,128,10,32,0,2809
1,128,10,32,0,164
1,128,10,32,0,140
1,128,10,32,0,511
1,128,10,32,0,196
1,128,10,32,0,1560
1,128,10,32,0,134
1,128,10,32,0,1925
1,128,10,32,0,593
1,128,10,32,0,3450
1,128,10,32,0,133
1,128,10,32,0,188
1,128,10,32,0,131
1,128,10,32,0,4121
1,128,10,32,0,136
1,128,10,32,0,139
1,128,10,32,0,407
1,128,10,32,0,762
1,128,10,32,0,149
1,128,10,32,0,515
1,128,10,32,0,2457
1,128,10,32,0,134
1,128,10,32,0,132
1,128,10,32,0,262
1,128,10,32,0,135
1,128,10,32,0,136
1,128,10,32,0,1215
1,128,10,32,0,633
1,128,10,32,0,312
1,128,10,32,0,137
1,128,10,32,0,145
1,128,10,32,0,1544
1,128,10,32,0,190
1,128,10,32,0,493
1,128,10,32,0,146
1,128,10,32,0,2222
1,128,10,32,0,153
1,128,10,32,0,163
1,128,10,32,0,141
1,128,10,32,0,678
1,128,10,32,0,1862
1,128,10,32,0,1235
1,128,10,32,0,450
1,128,10,32,0,139
1,128,10,32,0,136
1,128,10,32,0,186
1,128,10,32,0,129
1,128,10,32,0,2903
1,128,10,32,0,156
1,128,10,32,0,176
1,128,10,32,0,517
1,128,10,32,0,757
1,128,10,32,0,4086
1,128,10,32,0,1089
1,128,10,32,0,1399
1,128,10,32,0,3340
1,128,10,32,0,1357
1,128,10,32,0,139
1,128,10,32,0,140
1,128,10,32,0,414
1,128,10,32,0,158
1,128,10,32,0,139
1,128,10,32,0,141
1,128,10,32,0,594
1,128,10,32,0,217
1,128,10,32,0,271
1,128,10,32,0,135
1,128,10,32,0,183
1,128,10,32,0,135
1,128,10,32,0,701
1,128,10,32,0,327
1,128,10,32,0,259
1,128,10,32,0,185
1,128,10,32,0,190
1,128,10,32,0,392
1,128,10,32,0,8273
1,128,10,32,0,199
1,128,10,32,0,192
1,128,10,32,0,500
1,128,10,32,0,186
1,128,10,32,0,286
1,128,10,32,0,192
1,128,10,32,0,343
1,128,10,32,0,233
1,128,10,32,0,196
1,128,10,32,0,187
1,128,10,32,0,199
1,128,10,32,0,181
1,128,10,32,0,665
1,128,10,32,0,3180
1,128,10,32,0,1423
1,128,10,32,0,316
1,128,10,32,0,4729
1,128,10,32,0,141
1,128,10,32,0,125
1,128,10,32,0,155
1,128,10,32,0,127
1,128,10,32,0,165
1,128,10,32,0,2716
1,128,10,32,0,2606
1,128,10,32,0,1405
1,128,10,32,0,2184
1,128,10,32,0,2390
1,128,10,32,0,688
1,128,10,32,0,558
1,128,10,32,0,162
1,128,10,32,0,146
1,128,10,32,0,307
1,128,10,32,0,143
1,128,10,32,0,1531
1,128,10,32,0,133
1,128,10,32,0,138
1,128,10,32,0,131
1,128,10,32,0,133
1,128,10,32,0,135
1,128,10,32,0,130
1,128,10,32,0,7561
1,128,1,32,0,121103
1,128,1,32,0,175150
1,128,1,32,0,140
1,128,1,32,0,126
1,128,1,32,0,148
1,128,1,32,0,114
1,128,1,32,0,594
1,128,1,32,0,121
1,128,1,32,0,180
1,128,1,32,0,419
1,128,1,32,0,487
1,128,1,32,0,581
1,128,1,32,0,3410
1,128,1,32,0,113
1,128,1,32,0,124
1,128,1,32,0,123
1,128,1,32,0,122
1,128,1,32,0,119
1,128,1,32,0,113
1,128,1,32,0,309
1,128,1,32,0,2102
1,128,1,32,0,193
1,128,1,32,0,3156
1,128,1,32,0,120
1,128,1,32,0,111
1,128,1,32,0,1176
1,128,1,32,0,287
1,128,1,32,0,162
1,128,1,32,0,1123
1,128,1,32,0,467
1,128,1,32,0,180
1,128,1,32,0,117
1,128,1,32,0,682
1,128,1,32,0,278
1,128,1,32,0,176
1,128,1,32,0,351
1,128,1,32,0,1449
1,128,1,32,0,173
1,128,1,32,0,201
1,128,1,32,0,557
1,128,1,32,0,138
1,128,1,32,0,1963
1,128,1,32,0,810
1,128,1,32,0,126
1,128,1,32,0,557
1,128,1,32,0,138
1,128,1,32,0,925
1,128,1,32,0,1834
1,128,1,32,0,3464
1,128,1,32,0,2978
1,128,1,32,0,670
1,128,1,32,0,849
1,128,1,32,0,497
1,128,1,32,0,493
1,128,1,32,0,996
1,128,1,32,0,128
1,128,1,32,0,179
1,128,1,32,0,174
1,128,1,32,0,172
1,128,1,32,0,1833
1,128,1,32,0,819
1,128,1,32,0,119
1,128,1,32,0,114
1,128,1,32,0,122
1,128,1,32,0,117
1,128,1,32,0,421
1,128,1,32,0,406
1,128,1,32,0,731
1,128,1,32,0,696
1,128,1,32,0,659
1,128,1,32,0,662
1,128,1,32,0,413
1,128,1,32,0,109
1,128,1,32,0,1733
1,128,1,32,0,147
1,128,1,32,0,244
1,128,1,32,0,116
1,128,1,32,0,2136
1,128,1,32,0,123
1,128,1,32,0,117
1,128,1,32,0,114
1,128,1,32,0,1653
1,128,1,32,0,1386
1,128,1,32,0,1079
1,128,1,32,0,4526
1,128,1,32,0,4883
1,128,1,32,0,145
1,128,1,32,0,139
1,128,1,32,0,138
1,128,1,32,0,498
1,128,1,32,0,156
1,128,1,32,0,888
1,128,1,32,0,188
1,128,1,32,0,4401
1,128,1,32,0,248
1,128,1,32,0,1024
1,128,1,32,0,288
1,128,1,32,0,125
1,128,1,32,0,646
1,128,1,32,0,370
1,128,1,32,0,455
1,128,1,32,0,114
1,128,1,32,0,1370
1,128,1,32,0,504
1,128,1,32,0,147
1,128,1,32,0,472
1,128,1,32,0,120
1,128,1,32,0,118
1,128,1,32,0,120
1,128,1,32,0,448
1,128,1,32,0,1462
1,128,1,32,0,809
1,128,1,32,0,666
1,128,1,32,0,204
1,128,1,32,0,316
1,128,1,32,0,598
1,128,1,32,0,1091
1,128,1,32,0,2239
1,128,1,32,0,1104
1,128,1,32,0,1624
1,128,1,32,0,134
1,128,1,32,0,791
1,128,1,32,0,183
1,128,1,32,0,1859
1,128,1,32,0,146
1,128,1,32,0,1271
1,128,1,32,0,1244
1,128,1,32,0,188
1,128,1,32,0,434
1,128,1,32,0,642
1,128,1,32,0,385
1,128,1,32,0,120
1,128,1,32,0,598
1,128,1,32,0,145
1,128,1,32,0,554
1,128,1,32,0,2649
1,128,1,32,0,270
1,128,1,32,0,253
1,128,1,32,0,2535
1,128,1,32,0,112
1,128,1,32,0,159
1,128,1,32,0,167
1,128,1,32,0,868
1,128,1,32,0,143
1,128,1,32,0,582
1,128,1,32,0,108
1,128,1,32,0,114
1,128,1,32,0,117
1,128,1,32,0,120
1,128,1,32,0,2788
1,128,1,32,0,1387
1,128,1,32,0,161
1,128,1,32,0,117
1,128,1,32,0,402
1,128,1,32,0,467
1,128,1,32,0,112
1,128,1,32,0,736
1,128,1,32,0,119
1,128,1,32,0,233
1,128,1,32,0,1683
1,128,1,32,0,586
1,128,1,32,0,449
1,128,1,32,0,113
1,128,1,32,0,132
1,128,1,32,0,349
1,128,1,32,0,215
1,128,1,32,0,343
1,128,1,32,0,145
1,128,1,32,0,133
1,128,1,32,0,4069
1,128,1,32,0,411
1,128,1,32,0,581
1,128,1,32,0,120
1,128,1,32,0,1071
1,128,1,32,0,119
1,128,1,32,0,115
1,128,1,32,0,120
1,128,1,32,0,606
1,128,1,32,0,1107
1,128,1,32,0,191
1,128,1,32,0,1325
1,128,1,32,0,166
1,128,1,32,0,137
1,128,1,32,0,6357
1,128,1,32,0,139
1,128,1,32,0,112
1,128,1,32,0,112
1,128,1,32,0,115
1,128,1,32,0,113
1,128,1,32,0,115
1,128,1,32,0,350
1,128,1,32,0,1673
1,128,1,32,0,115
1,128,1,32,0,118
1,128,1,32,0,774
1,128,1,32,0,138
1,128,1,32,0,112
1,128,1,32,0,788
1,128,1,32,0,616
1,128,1,32,0,260
1,128,1,32,0,128
1,128,1,32,0,114
1,128,1,32,0,115
1,128,1,32,0,112
1,128,1,32,0,121
1,128,1,32,0,123
1,128,1,32,0,110
1,128,1,32,0,299
1,128,1,32,0,126
1,128,1,32,0,114
1,128,1,32,0,112
1,128,1,32,0,138
1,128,1,32,0,137
1,128,1,32,0,136
1,128,1,32,0,113
1,128,1,32,0,114
1,128,1,32,0,303
1,128,1,32,0,2050
1,128,1,32,0,142
1,128,1,32,0,175
1,128,1,32,0,483
1,128,1,32,0,225
1,128,1,32,0,165
1,128,1,32,0,1277
1,128,1,32,0,140
1,128,1,32,0,117
1,128,1,32,0,143
1,128,1,32,0,150
1,128,1,32,0,231
1,128,1,32,0,140
1,128,1,32,0,116
1,128,1,32,0,148
1,128,1,32,0,1676
1,128,1,32,0,429
1,128,1,32,0,126
1,128,1,32,0,131
1,128,1,32,0,221
1,128,1,32,0,136
1,128,1,32,0,162
1,128,1,32,0,124
1,128,1,32,0,133
1,128,1,32,0,932
1,128,1,32,0,191
1,128,1,32,0,200
1,128,1,32,0,197
1,128,1,32,0,2632
1,128,1,32,0,169
1,128,1,32,0,1245
1,128,1,32,0,2983
1,128,1,32,0,116
1,128,1,32,0,111
1,128,1,32,0,116
1,128,1,32,0,1985
1,128,1,32,0,132
1,128,1,32,0,366
1,128,1,32,0,152
1,128,1,32,0,4069
1,128,1,32,0,106
1,128,1,32,0,1765
1,128,1,32,0,120
1,128,1,32,0,4820
1,128,1,32,0,375
1,128,1,32,0,115
1,128,1,32,0,1144
1,128,1,32,0,117
1,128,1,32,0,115
1,128,1,32,0,125
1,128,1,32,0,592
1,128,1,32,0,646
1,128,1,32,0,142
1,128,1,32,0,138
1,128,1,32,0,522
1,128,1,32,0,3316
1,128,1,32,0,118
1,128,1,32,0,158
1,128,1,32,0,115
1,128,1,32,0,665
1,128,1,32,0,109
1,128,1,32,0,114
1,128,1,32,0,115
1,128,1,32,0,121
1,128,1,32,0,111
1,128,1,32,0,726
1,128,1,32,0,3278
1,128,1,32,0,123
1,128,1,32,0,1122
1,128,1,32,0,135
1,128,1,32,0,779
1,128,1,32,0,116
1,128,1,32,0,119
1,128,1,32,0,854
1,128,1,32,0,121
1,128,1,32,0,131
1,128,1,32,0,121
1,128,1,32,0,119
1,128,1,32,0,221
1,128,1,32,0,176
1,128,1,32,0,156
1,128,1,32,0,113
1,128,1,32,0,2330
1,128,1,32,0,112
1,128,1,32,0,107
1,128,1,32,0,349
1,128,1,32,0,114
1,128,1,32,0,2919
1,128,1,32,0,155
1,128,1,32,0,154
1,128,1,32,0,118
1,128,1,32,0,1165
1,128,1,32,0,115
1,128,1,32,0,2186
1,128,1,32,0,151
1,128,1,32,0,121
1,128,1,32,0,1064
1,128,1,32,0,379
1,128,1,32,0,202
1,128,1,32,0,139
1,128,1,32,0,119
1,128,1,32,0,111
1,128,1,32,0,112
1,128,1,32,0,884
1,128,1,32,0,135
1,128,1,32,0,910
1,128,1,32,0,883
1,128,1,32,0,379
1,128,1,32,0,218
1,128,1,32,0,802
1,128,1,32,0,1842
1,128,1,32,0,230
1,128,1,32,0,322
1,128,1,32,0,2294
1,128,1,32,0,238
1,128,1,32,0,128
1,128,1,32,0,3005
1,128,1,32,0,317
1,128,1,32,0,171
1,128,1,32,0,394
1,128,1,32,0,116
1,128,1,32,0,3449
1,128,1,32,0,573
1,128,1,32,0,180
1,128,1,32,0,168
1,128,1,32,0,652
1,128,1,32,0,139
1,128,1,32,0,112
1,128,1,32,0,1329
1,128,1,32,0,134
1,128,1,32,0,135
1,128,1,32,0,2191
1,128,1,32,0,113
1,128,1,32,0,578
1,128,1,32,0,116
1,128,1,32,0,114
1,128,1,32,0,147
1,128,1,32,0,289
1,128,1,32,0,166
1,128,1,32,0,1108
1,128,1,32,0,164
1,128,1,32,0,532
1,128,1,32,0,160
1,128,1,32,0,172
1,128,1,32,0,177
1,128,1,32,0,1858
1,128,1,32,0,527
1,128,1,32,0,136
1,128,1,32,0,112
1,128,1,32,0,639
1,128,1,32,0,151
1,128,1,32,0,139
1,128,1,32,0,309
1,128,1,32,0,3272
1,128,1,32,0,264
1,128,1,32,0,121
1,128,1,32,0,149
1,128,1,32,0,118
1,128,1,32,0,3102
1,128,1,32,0,3712
1,128,1,32,0,120
1,128,1,32,0,118
1,128,1,32,0,1786
1,128,1,32,0,122
1,128,1,32,0,657
1,128,1,32,0,1799
1,128,1,32,0,130
1,128,1,32,0,566
1,128,1,32,0,380
1,128,1,32,0,368
1,128,1,32,0,1080
1,128,1,32,0,434
1,128,1,32,0,828
1,128,1,32,0,237
1,128,1,32,0,511
1,128,1,32,0,112
1,128,1,32,0,202
1,128,1,32,0,1032
1,128,1,32,0,760
1,128,1,32,0,114
1,128,1,32,0,219
1,128,1,32,0,169
1,128,1,32,0,167
1,128,1,32,0,187
1,128,1,32,0,179
1,128,1,32,0,1513
1,128,1,32,0,305
1,128,1,32,0,2869
1,128,1,32,0,295
1,128,1,32,0,344
1,128,1,32,0,709
1,128,1,32,0,142
1,128,1,32,0,297
1,128,1,32,0,503
1,128,1,32,0,479
1,128,1,32,0,154
1,128,1,32,0,116
1,128,1,32,0,114
1,128,1,32,0,370
1,128,1,32,0,173
1,128,1,32,0,438
1,128,1,32,0,232
1,128,1,32,0,1171
1,128,1,32,0,2020
1,128,1,32,0,1087
1,128,1,32,0,612
1,128,1,32,0,2369
1,128,1,32,0,339
1,128,1,32,0,143
1,128,1,32,0,145
1,128,1,32,0,123
1,128,1,32,0,157
1,128,1,32,0,416
1,128,1,32,0,3311
1,128,1,32,0,867
1,128,1,32,0,128
1,128,1,32,0,633
1,128,1,32,0,141
1,128,1,32,0,956
1,128,1,32,0,914
1,128,1,32,0,2189
1,128,1,32,0,616
1,128,1,32,0,143
1,128,1,32,0,126
1,128,1,32,0,120
1,128,1,32,0,111
1,128,1,32,0,722
1,128,1,32,0,387
1,128,1,32,0,476
1,128,1,32,0,153
1,128,1,32,0,114
1,128,1,32,0,1044
1,128,1,32,0,1129
1,128,1,32,0,397
1,128,1,32,0,1785
1,128,1,32,0,1682
1,128,1,32,0,273
1,128,1,32,0,112
1,128,1,32,0,816
1,128,1,32,0,261
1,128,1,32,0,108
1,128,1,32,0,112
1,128,1,32,0,197
1,128,1,32,0,182
1,128,1,32,0,279
1,128,1,32,0,202
1,128,1,32,0,175
1,128,1,32,0,2659
1,128,1,32,0,2561
1,128,1,32,0,178
1,128,1,32,0,634
1,128,1,32,0,109
1,128,1,32,0,112
1,128,1,32,0,336
1,128,1,32,0,1105
1,128,1,32,0,1131
1,128,1,32,0,676
1,128,1,32,0,2159
1,128,1,32,0,134
1,128,1,32,0,136
1,128,1,32,0,129
1,128,1,32,0,2598
1,128,1,32,0,117
1,128,1,32,0,103
1,128,1,32,0,113
1,128,1,32,0,2699
1,128,1,32,0,115
1,128,1,32,0,112
1,128,1,32,0,116
1,128,1,32,0,546
1,128,1,32,0,136
1,128,1,32,0,119
1,128,1,32,0,206
1,128,1,32,0,1345
1,128,1,32,0,179
1,128,1,32,0,218
1,128,1,32,0,1182
1,128,1,32,0,133
1,128,1,32,0,112
1,128,1,32,0,119
1,128,1,32,0,2803
1,128,1,32,0,312
1,128,1,32,0,119
1,128,1,32,0,114
1,128,1,32,0,184
1,128,1,32,0,113
1,128,1,32,0,115
1,128,1,32,0,121
1,128,1,32,0,2320
1,128,1,32,0,191
1,128,1,32,0,146
1,128,1,32,0,967
1,128,1,32,0,1823
1,128,1,32,0,787
1,128,1,32,0,894
1,128,1,32,0,718
1,128,1,32,0,395
1,128,1,32,0,188
1,128,1,32,0,116
1,128,1,32,0,764
1,128,1,32,0,492
1,128,1,32,0,199
1,128,1,32,0,351
1,128,1,32,0,116
1,128,1,32,0,636
1,128,1,32,0,402
1,128,1,32,0,125
1,128,1,32,0,576
1,128,1,32,0,122
1,128,1,32,0,120
1,128,1,32,0,110
1,128,1,32,0,535
1,128,1,32,0,865
1,128,1,32,0,266
1,128,1,32,0,118
1,128,1,32,0,109
1,128,1,32,0,1639
1,128,1,32,0,351
1,128,1,32,0,398
1,128,1,32,0,143
1,128,1,32,0,433
1,128,1,32,0,1426
1,128,1,32,0,113
1,128,1,32,0,160
1,128,1,32,0,902
1,128,1,32,0,157
1,128,1,32,0,472
1,128,1,32,0,297
1,128,1,32,0,130
1,128,1,32,0,378
1,128,1,32,0,1233
1,128,1,32,0,142
1,128,1,32,0,383
1,128,1,32,0,940
1,128,1,32,0,134
1,128,1,32,0,152
1,128,1,32,0,178
1,128,1,32,0,1322
1,128,1,32,0,129
1,128,1,32,0,131
1,128,1,32,0,785
1,128,1,32,0,1086
1,128,1,32,0,126
1,128,1,32,0,710
1,128,1,32,0,182
1,128,1,32,0,459
1,128,1,32,0,716
1,128,1,32,0,157
1,128,1,32,0,395
1,128,1,32,0,373
1,128,1,32,0,110
1,128,1,32,0,1026
1,128,1,32,0,1107
1,128,1,32,0,1156
1,128,1,32,0,112
1,128,1,32,0,385
1,128,1,32,0,2423
1,128,1,32,0,153
1,128,1,32,0,683
1,128,1,32,0,142
1,128,1,32,0,3744
1,128,1,32,0,115
1,128,1,32,0,117
1,128,1,32,0,144
1,128,1,32,0,112
1,128,1,32,0,505
1,128,1,32,0,156
1,128,1,32,0,134
1,128,1,32,0,150
1,128,1,32,0,109
1,128,1,32,0,138
1,128,1,32,0,4448
1,128,1,32,0,134
1,128,1,32,0,118
1,128,1,32,0,238
1,128,1,32,0,169
1,128,1,32,0,157
1,128,1,32,0,211
1,128,1,32,0,259
1,128,1,32,0,595
1,128,1,32,0,204
1,128,1,32,0,240
1,128,1,32,0,2203
1,128,1,32,0,1158
1,128,1,32,0,131
1,128,1,32,0,1539
1,128,1,32,0,254
1,128,1,32,0,3586
1,128,1,32,0,664
1,128,1,32,0,109
1,128,1,32,0,678
1,128,1,32,0,694
1,128,1,32,0,540
1,128,1,32,0,141
1,128,1,32,0,113
1,128,1,32,0,115
1,128,1,32,0,113
1,128,1,32,0,815
1,128,1,32,0,257
1,128,1,32,0,148
1,128,1,32,0,437
1,128,1,32,0,113
1,128,1,32,0,844
1,128,1,32,0,117
1,128,1,32,0,116
1,128,1,32,0,831
1,128,1,32,0,898
1,128,1,32,0,165
1,128,1,32,0,131
1,128,1,32,0,138
1,128,1,32,0,130
1,128,1,32,0,564
1,128,1,32,0,1384
1,128,1,32,0,3039
1,128,1,32,0,372
1,128,1,32,0,604
1,128,1,32,0,190
1,128,1,32,0,181
1,128,1,32,0,148
1,128,1,32,0,1051
1,128,1,32,0,797
1,128,1,32,0,1454
1,128,1,32,0,165
1,128,1,32,0,715
1,128,1,32,0,199
1,128,1,32,0,175
1,128,1,32,0,110
1,128,1,32,0,128
1,128,1,32,0,175
1,128,1,32,0,279
1,128,1,32,0,752
1,128,1,32,0,385
1,128,1,32,0,189
1,128,1,32,0,3585
1,128,1,32,0,123
1,128,1,32,0,115
1,128,1,32,0,1878
1,128,1,32,0,2053
1,128,1,32,0,108
1,128,1,32,0,118
1,128,1,32,0,114
1,128,1,32,0,111
1,128,1,32,0,756
1,128,1,32,0,1483
1,128,1,32,0,1770
1,128,1,32,0,252
1,128,1,32,0,756
1,128,1,32,0,733
1,128,1,32,0,144
1,128,1,32,0,117
1,128,1,32,0,108
1,128,1,32,0,108
1,128,1,32,0,120
1,128,1,32,0,116
1,128,1,32,0,109
1,128,1,32,0,496
1,128,1,32,0,1195
1,128,1,32,0,137
1,128,1,32,0,588
1,128,1,32,0,156
1,128,1,32,0,749
1,128,1,32,0,2111
1,128,1,32,0,121
1,128,1,32,0,486
1,128,1,32,0,175
1,128,1,32,0,141
1,128,1,32,0,188
1,128,1,32,0,121
1,128,1,32,0,1486
1,128,1,32,0,117
1,128,1,32,0,858
1,128,1,32,0,384
1,128,1,32,0,115
1,128,1,32,0,317
1,128,1,32,0,143
1,128,1,32,0,174
1,128,1,32,0,612
1,128,1,32,0,767
1,128,1,32,0,180
1,128,1,32,0,244
1,128,1,32,0,197
1,128,1,32,0,163
1,128,1,32,0,1417
1,128,1,32,0,3148
1,128,1,32,0,451
1,128,1,32,0,123
1,128,1,32,0,117
1,128,1,32,0,120
1,128,1,32,0,3822
1,128,1,32,0,572
1,128,1,32,0,188
1,128,1,32,0,109
1,128,1,32,0,112
1,128,1,32,0,660
1,128,1,32,0,123
1,128,1,32,0,114
1,128,1,32,0,144
1,128,1,32,0,147
1,128,1,32,0,128
1,128,1,32,0,113
1,128,1,32,0,2355
1,128,1,32,0,115
1,128,1,32,0,3571
1,128,1,32,0,110
1,128,1,32,0,472
1,128,1,32,0,943
1,128,1,32,0,344
1,128,1,32,0,3997
1,128,1,32,0,1063
1,128,1,32,0,1182
1,128,1,32,0,723
1,128,1,32,0,141
1,128,1,32,0,115
1,128,1,32,0,555
1,128,1,32,0,249
1,128,1,32,0,112
1,128,1,32,0,111
1,128,1,32,0,908
1,128,1,32,0,1450
1,128,1,32,0,109
1,128,1,32,0,595
1,128,1,32,0,189
1,128,1,32,0,169
1,128,1,32,0,3189
1,128,1,32,0,110
1,128,1,32,0,350
1,128,1,32,0,841
1,128,1,32,0,119
1,128,1,32,0,110
1,128,1,32,0,108
1,128,1,32,0,108
1,128,1,32,0,118
1,128,1,32,0,114
1,128,1,32,0,111
1,128,1,32,0,118
1,128,1,32,0,3325
1,128,1,32,0,164
1,128,1,32,0,137
1,128,1,32,0,118
1,128,1,32,0,254
1,128,1,32,0,400
1,128,1,32,0,1018
1,128,1,32,0,114
1,128,1,32,0,128
1,128,1,32,0,123
1,128,1,32,0,122
1,128,1,32,0,113
1,128,1,32,0,114
1,128,1,32,0,111
1,128,1,32,0,2323
1,128,1,32,0,117
1,128,1,32,0,106
1,128,1,32,0,113
1,128,1,32,0,116
1,128,1,32,0,729
1,128,1,32,0,142
1,128,1,32,0,139
1,128,1,32,0,111
1,128,1,32,0,146
1,128,1,32,0,115
1,128,1,32,0,828
1,128,1,32,0,812
1,128,1,32,0,143
1,128,1,32,0,1172
1,128,1,32,0,695
1,128,1,32,0,116
1,128,1,32,0,4149
1,128,1,32,0,189
1,128,1,32,0,139
1,128,1,32,0,970
1,128,1,32,0,259
1,128,1,32,0,3018
1,128,1,32,0,175
1,128,1,32,0,619
1,128,1,32,0,1265
1,128,1,32,0,134
1,128,1,32,0,115
1,128,1,32,0,377
1,128,1,32,0,327
1,128,1,32,0,127
1,128,1,32,0,3238
1,128,1,32,0,2457
1,128,1,32,0,724
1,128,1,32,0,185
1,128,1,32,0,925
1,128,1,32,0,173
1,128,1,32,0,132
1,128,1,32,0,481
1,128,1,32,0,378
1,128,1,32,0,119
1,128,1,32,0,964
1,128,1,32,0,978
1,128,1,32,0,155
1,128,1,32,0,335
1,128,1,32,0,1616
1,128,1,32,0,1015
1,128,1,32,0,907
1,128,1,32,0,136
1,128,1,32,0,186
1,128,1,32,0,3052
1,128,1,32,0,1179
1,128,1,32,0,139
1,128,1,32,0,113
1,128,1,32,0,690
1,128,1,32,0,155
1,128,1,32,0,497
1,128,1,32,0,343
1,128,1,32,0,2895
1,128,1,32,0,1534
1,128,1,32,0,319
1,128,1,32,0,206
1,128,1,32,0,625
1,128,1,32,0,180
1,128,1,32,0,212
1,128,1,32,0,1688
1,128,1,32,0,230
1,128,1,32,0,196
1,128,1,32,0,642
1,128,1,32,0,1519
1,128,1,32,0,135
1,128,1,32,0,1419
1,128,1,32,0,593
1,128,1,32,0,477
1,128,1,32,0,3451
1,128,1,32,0,134
1,128,1,32,0,134
1,128,1,32,0,451
1,128,1,32,0,118
1,128,1,32,0,438
1,128,1,32,0,855
1,128,1,32,0,433
1,128,1,32,0,138
1,128,1,32,0,349
1,128,1,32,0,3927
1,128,1,32,0,137
1,128,1,32,0,1010
1,128,1,32,0,414
1,128,1,32,0,469
1,128,1,32,0,1186
1,128,1,32,0,1833
1,128,1,32,0,186
1,128,1,32,0,173
1,128,1,32,0,1347
1,128,1,32,0,116
1,128,1,32,0,579
1,128,1,32,0,462
1,128,1,32,0,551
1,128,1,32,0,1312
1,128,0,32,0,6407
1,128,0,32,0,54755
1,128,0,32,0,221188
1,128,0,32,0,2620
1,128,0,32,0,134
1,128,0,32,0,134
1,128,0,32,0,1615
1,128,0,32,0,136
1,128,0,32,0,127
1,128,0,32,0,4246
1,128,0,32,0,404
1,128,0,32,0,1151
1,128,0,32,0,2312
1,128,0,32,0,138
1,128,0,32,0,138
1,128,0,32,0,171
1,128,0,32,0,187
1,128,0,32,0,157
1,128,0,32,0,237
1,128,0,32,0,166
1,128,0,32,0,3484
1,128,0,32,0,642
1,128,0,32,0,137
1,128,0,32,0,132
1,128,0,32,0,143
1,128,0,32,0,1411
1,128,0,32,0,792
1,128,0,32,0,129
1,128,0,32,0,944
1,128,0,32,0,132
1,128,0,32,0,276
1,128,0,32,0,4005
1,128,0,32,0,192
1,128,0,32,0,194
1,128,0,32,0,182
1,128,0,32,0,252
1,128,0,32,0,2548
1,128,0,32,0,529
1,128,0,32,0,630
1,128,0,32,0,144
1,128,0,32,0,141
1,128,0,32,0,424
1,128,0,32,0,244
1,128,0,32,0,128
1,128,0,32,0,3941
1,128,0,32,0,4108
1,128,0,32,0,505
1,128,0,32,0,442
1,128,0,32,0,129
1,128,0,32,0,240
1,128,0,32,0,2086
1,128,0,32,0,414
1,128,0,32,0,278
1,128,0,32,0,850
1,128,0,32,0,134
1,128,0,32,0,190
1,128,0,32,0,156
1,128,0,32,0,155
1,128,0,32,0,481
1,128,0,32,0,161
1,128,0,32,0,3547
1,128,0,32,0,847
1,128,0,32,0,131
1,128,0,32,0,141
1,128,0,32,0,834
1,128,0,32,0,1990
1,128,0,32,0,832
1,128,0,32,0,891
1,128,0,32,0,717
1,128,0,32,0,141
1,128,0,32,0,3987
1,128,0,32,0,342
1,128,0,32,0,424
1,128,0,32,0,645
1,128,0,32,0,226
1,128,0,32,0,958
1,128,0,32,0,2678
1,128,0,32,0,1772
1,128,0,32,0,588
1,128,0,32,0,193
1,128,0,32,0,707
1,128,0,32,0,143
1,128,0,32,0,570
1,128,0,32,0,141
1,128,0,32,0,160
1,128,0,32,0,209
1,128,0,32,0,185
1,128,0,32,0,530
1,128,0,32,0,1052
1,128,0,32,0,822
1,128,0,32,0,2901
1,128,0,32,0,143
1,128,0,32,0,133
1,128,0,32,0,392
1,128,0,32,0,171
1,128,0,32,0,812
1,128,0,32,0,2252
1,128,0,32,0,1183
1,128,0,32,0,3412
1,128,0,32,0,297
1,128,0,32,0,2209
1,128,0,32,0,168
1,128,0,32,0,137
1,128,0,32,0,140
1,128,0,32,0,136
1,128,0,32,0,5538
1,128,0,32,0,145
1,128,0,32,0,159
1,128,0,32,0,1744
1,128,0,32,0,955
1,128,0,32,0,517
1,128,0,32,0,584
1,128,0,32,0,1244
1,128,0,32,0,422
1,128,0,32,0,391
1,128,0,32,0,134
1,128,0,32,0,201
1,128,0,32,0,981
1,128,0,32,0,192
1,128,0,32,0,142
1,128,0,32,0,447
1,128,0,32,0,135
1,128,0,32,0,1238
1,128,0,32,0,350
1,128,0,32,0,220
1,128,0,32,0,190
1,128,0,32,0,590
1,128,0,32,0,186
1,128,0,32,0,382
1,128,0,32,0,5487
1,128,0,32,0,188
1,128,0,32,0,195
1,128,0,32,0,219
1,128,0,32,0,182
1,128,0,32,0,1238
1,128,0,32,0,605
1,128,0,32,0,656
1,128,0,32,0,191
1,128,0,32,0,2057
1,128,0,32,0,176
1,128,0,32,0,1146
1,128,0,32,0,2643
1,128,0,32,0,614
1,128,0,32,0,136
1,128,0,32,0,174
1,128,0,32,0,674
1,128,0,32,0,927
1,128,0,32,0,138
1,128,0,32,0,2421
1,128,0,32,0,138
1,128,0,32,0,707
1,128,0,32,0,137
1,128,0,32,0,135
1,128,0,32,0,150
1,128,0,32,0,900
1,128,0,32,0,501
1,128,0,32,0,392
1,128,0,32,0,138
1,128,0,32,0,140
1,128,0,32,0,324
1,128,0,32,0,197
1,128,0,32,0,190
1,128,0,32,0,195
1,128,0,32,0,208
1,128,0,32,0,1354
1,128,0,32,0,144
1,128,0,32,0,235
1,128,0,32,0,181
1,128,0,32,0,145
1,128,0,32,0,4034
1,128,0,32,0,140
1,128,0,32,0,135
1,128,0,32,0,244
1,128,0,32,0,145
1,128,0,32,0,137
1,128,0,32,0,469
1,128,0,32,0,132
1,128,0,32,0,678
1,128,0,32,0,237
1,128,0,32,0,838
1,128,0,32,0,338
1,128,0,32,0,137
1,128,0,32,0,135
1,128,0,32,0,140
1,128,0,32,0,173
1,128,0,32,0,137
1,128,0,32,0,172
1,128,0,32,0,2056
1,128,0,32,0,134
1,128,0,32,0,140
1,128,0,32,0,140
1,128,0,32,0,141
1,128,0,32,0,131
1,128,0,32,0,137
1,128,0,32,0,164
1,128,0,32,0,778
1,128,0,32,0,230
1,128,0,32,0,1561
1,128,0,32,0,326
1,128,0,32,0,235
1,128,0,32,0,432
1,128,0,32,0,1186
1,128,0,32,0,144
1,128,0,32,0,142
1,128,0,32,0,135
1,128,0,32,0,852
1,128,0,32,0,142
1,128,0,32,0,149
1,128,0,32,0,152
1,128,0,32,0,157
1,128,0,32,0,618
1,128,0,32,0,132
1,128,0,32,0,847
1,128,0,32,0,131
1,128,0,32,0,131
1,128,0,32,0,138
1,128,0,32,0,594
1,128,0,32,0,143
1,128,0,32,0,622
1,128,0,32,0,316
1,128,0,32,0,770
1,128,0,32,0,446
1,128,0,32,0,1239
1,128,0,32,0,463
1,128,0,32,0,1361
1,128,0,32,0,138
1,128,0,32,0,442
1,128,0,32,0,514
1,128,0,32,0,1605
1,128,0,32,0,189
1,128,0,32,0,367
1,128,0,32,0,175
1,128,0,32,0,1189
1,128,0,32,0,5046
1,128,0,32,0,2520
1,128,0,32,0,148
1,128,0,32,0,185
1,128,0,32,0,403
1,128,0,32,0,232
1,128,0,32,0,408
1,128,0,32,0,643
1,128,0,32,0,439
1,128,0,32,0,738
1,128,0,32,0,881
1,128,0,32,0,163
1,128,0,32,0,353
1,128,0,32,0,601
1,128,0,32,0,248
1,128,0,32,0,272
1,128,0,32,0,197
1,128,0,32,0,139
1,128,0,32,0,1470
1,128,0,32,0,452
1,128,0,32,0,392
1,128,0,32,0,172
1,128,0,32,0,131
1,128,0,32,0,1849
1,128,0,32,0,160
1,128,0,32,0,134
1,128,0,32,0,701
1,128,0,32,0,143
1,128,0,32,0,142
1,128,0,32,0,631
1,128,0,32,0,143
1,128,0,32,0,286
1,128,0,32,0,323
1,128,0,32,0,124
1,128,0,32,0,517
1,128,0,32,0,159
1,128,0,32,0,159
1,128,0,32,0,3199
1,128,0,32,0,1708
1,128,0,32,0,5048
1,128,0,32,0,3098
1,128,0,32,0,147
1,128,0,32,0,413
1,128,0,32,0,138
1,128,0,32,0,1379
1,128,0,32,0,3936
1,128,0,32,0,2701
1,128,0,32,0,4047
1,128,0,32,0,5653
1,128,0,32,0,143
1,128,0,32,0,1030
1,128,0,32,0,1652
1,128,0,32,0,1010
1,128,0,32,0,1990
1,128,0,32,0,153
1,128,0,32,0,134
1,128,0,32,0,1139
1,128,0,32,0,1078
1,128,0,32,0,3470
1,128,0,32,0,2412
1,128,0,32,0,134
1,128,0,32,0,1757
1,128,0,32,0,162
1,128,0,32,0,606
1,128,0,32,0,130
1,128,0,32,0,780
1,128,0,32,0,986
1,128,0,32,0,509
1,128,0,32,0,560
1,128,0,32,0,193
1,128,0,32,0,197
1,128,0,32,0,934
1,128,0,32,0,140
1,128,0,32,0,140
1,128,0,32,0,141
1,128,0,32,0,1732
1,128,0,32,0,1163
1,128,0,32,0,142
1,128,0,32,0,139
1,128,0,32,0,1340
1,128,0,32,0,332
1,128,0,32,0,169
1,128,0,32,0,142
1,128,0,32,0,143
1,128,0,32,0,2351
1,128,0,32,0,133
1,128,0,32,0,137
1,128,0,32,0,137
1,128,0,32,0,138
1,128,0,32,0,338
1,128,0,32,0,184
1,128,0,32,0,143
1,128,0,32,0,139
1,128,0,32,0,141
1,128,0,32,0,146
1,128,0,32,0,143
1,128,0,32,0,167
1,128,0,32,0,322
1,128,0,32,0,819
1,128,0,32,0,467
1,128,0,32,0,142
1,128,0,32,0,2330
1,128,0,32,0,4365
1,128,0,32,0,206
1,128,0,32,0,208
1,128,0,32,0,309
1,128,0,32,0,468
1,128,0,32,0,514
1,128,0,32,0,217
1,128,0,32,0,179
1,128,0,32,0,1096
1,128,0,32,0,140
1,128,0,32,0,140
1,128,0,32,0,157
1,128,0,32,0,144
1,128,0,32,0,460
1,128,0,32,0,140
1,128,0,32,0,1963
1,128,0,32,0,142
1,128,0,32,0,173
1,128,0,32,0,136
1,128,0,32,0,551
1,128,0,32,0,953
1,128,0,32,0,174
1,128,0,32,0,3230
1,128,0,32,0,379
1,128,0,32,0,3545
1,128,0,32,0,139
1,128,0,32,0,136
1,128,0,32,0,171
1,128,0,32,0,142
1,128,0,32,0,1699
1,128,0,32,0,423
1,128,0,32,0,132
1,128,0,32,0,1373
1,128,0,32,0,141
1,128,0,32,0,136
1,128,0,32,0,535
1,128,0,32,0,141
1,128,0,32,0,149
1,128,0,32,0,2506
1,128,0,32,0,178
1,128,0,32,0,141
1,128,0,32,0,603
1,128,0,32,0,140
1,128,0,32,0,139
1,128,0,32,0,138
1,128,0,32,0,327
1,128,0,32,0,867
1,128,0,32,0,190
1,128,0,32,0,820
1,128,0,32,0,690
1,128,0,32,0,156
1,128,0,32,0,158
1,128,0,32,0,160
1,128,0,32,0,156
1,128,0,32,0,192
1,128,0,32,0,169
1,128,0,32,0,151
1,128,0,32,0,152
1,128,0,32,0,156
1,128,0,32,0,147
1,128,0,32,0,156
1,128,0,32,0,153
1,128,0,32,0,499
1,128,0,32,0,627
1,128,0,32,0,693
1,128,0,32,0,277
1,128,0,32,0,223
1,128,0,32,0,193
1,128,0,32,0,197
1,128,0,32,0,200
1,128,0,32,0,736
1,128,0,32,0,499
1,128,0,32,0,405
1,128,0,32,0,198
1,128,0,32,0,198
1,128,0,32,0,198
1,128,0,32,0,204
1,128,0,32,0,195
1,128,0,32,0,197
1,128,0,32,0,226
1,128,0,32,0,188
1,128,0,32,0,1095
1,128,0,32,0,134
1,128,0,32,0,256
1,128,0,32,0,182
1,128,0,32,0,3284
1,128,0,32,0,410
1,128,0,32,0,1716
1,128,0,32,0,3749
1,128,0,32,0,1747
1,128,0,32,0,208
1,128,0,32,0,643
1,128,0,32,0,144
1,128,0,32,0,147
1,128,0,32,0,140
1,128,0,32,0,499
1,128,0,32,0,404
1,128,0,32,0,268
1,128,0,32,0,175
1,128,0,32,0,1734
1,128,0,32,0,420
1,128,0,32,0,136
1,128,0,32,0,2237
1,128,0,32,0,135
1,128,0,32,0,1185
1,128,0,32,0,1523
1,128,0,32,0,167
1,128,0,32,0,411
1,128,0,32,0,3893
1,128,0,32,0,149
1,128,0,32,0,1135
1,128,0,32,0,139
1,128,0,32,0,142
1,128,0,32,0,351
1,128,0,32,0,165
1,128,0,32,0,139
1,128,0,32,0,844
1,128,0,32,0,680
1,128,0,32,0,137
1,128,0,32,0,417
1,128,0,32,0,176
1,128,0,32,0,131
1,128,0,32,0,229
1,128,0,32,0,3279
1,128,0,32,0,136
1,128,0,32,0,134
1,128,0,32,0,505
1,128,0,32,0,501
1,128,0,32,0,658
1,128,0,32,0,256
1,128,0,32,0,186
1,128,0,32,0,187
1,128,0,32,0,419
1,128,0,32,0,1205
1,128,0,32,0,434
1,128,0,32,0,191
1,128,0,32,0,143
1,128,0,32,0,1778
1,128,0,32,0,139
1,128,0,32,0,483
1,128,0,32,0,1385
1,128,0,32,0,389
1,128,0,32,0,3147
1,128,0,32,0,131
1,128,0,32,0,203
1,128,0,32,0,3427
1,128,0,32,0,229
1,128,0,32,0,140
1,128,0,32,0,352
1,128,0,32,0,303
1,128,0,32,0,3967
1,128,0,32,0,185
1,128,0,32,0,3594
1,128,0,32,0,6635
1,128,0,32,0,189
1,128,0,32,0,4134
1,128,0,32,0,1947
1,128,0,32,0,493
1,128,0,32,0,1713
1,128,0,32,0,142
1,128,0,32,0,145
1,128,0,32,0,286
1,128,0,32,0,177
1,128,0,32,0,197
1,128,0,32,0,127
1,128,0,32,0,3585
1,128,0,32,0,136
1,128,0,32,0,141
1,128,0,32,0,137
1,128,0,32,0,3240
1,128,0,32,0,194
1,128,0,32,0,181
1,128,0,32,0,1354
1,128,0,32,0,188
1,128,0,32,0,638
1,128,0,32,0,135
1,128,0,32,0,135
1,128,0,32,0,906
1,128,0,32,0,2739
1,128,0,32,0,1012
1,128,0,32,0,1067
1,128,0,32,0,243
1,128,0,32,0,142
1,128,0,32,0,170
1,128,0,32,0,146
1,128,0,32,0,134
1,128,0,32,0,136
1,128,0,32,0,138
1,128,0,32,0,141
1,128,0,32,0,429
1,128,0,32,0,152
1,128,0,32,0,451
1,128,0,32,0,743
1,128,0,32,0,139
1,128,0,32,0,298
1,128,0,32,0,1157
1,128,0,32,0,131
1,128,0,32,0,781
1,128,0,32,0,142
1,128,0,32,0,142
1,128,0,32,0,809
1,128,0,32,0,1397
1,128,0,32,0,576
1,128,0,32,0,159
1,128,0,32,0,152
1,128,0,32,0,401
1,128,0,32,0,185
1,128,0,32,0,208
1,128,0,32,0,241
1,128,0,32,0,189
1,128,0,32,0,1152
1,128,0,32,0,135
1,128,0,32,0,144
1,128,0,32,0,139
1,128,0,32,0,2679
1,128,0,32,0,144
1,128,0,32,0,138
1,128,0,32,0,134
1,128,0,32,0,2740
1,128,0,32,0,185
1,128,0,32,0,1747
1,128,0,32,0,136
1,128,0,32,0,136
1,128,0,32,0,735
1,128,0,32,0,144
1,128,0,32,0,562
1,128,0,32,0,135
1,128,0,32,0,540
1,128,0,32,0,2409
1,128,0,32,0,141
1,128,0,32,0,1054
1,128,0,32,0,1361
1,128,0,32,0,529
1,128,0,32,0,2035
1,128,0,32,0,1555
1,128,0,32,0,283
1,128,0,32,0,138
1,128,0,32,0,622
1,128,0,32,0,961
1,128,0,32,0,198
1,128,0,32,0,205
1,128,0,32,0,193
1,128,0,32,0,615
1,128,0,32,0,471
1,128,0,32,0,291
1,128,0,32,0,651
1,128,0,32,0,165
1,128,0,32,0,145
1,128,0,32,0,142
1,128,0,32,0,144
1,128,0,32,0,141
1,128,0,32,0,141
1,128,0,32,0,141
1,128,0,32,0,134
1,128,0,32,0,2249
1,128,0,32,0,142
1,128,0,32,0,1096
1,128,0,32,0,699
1,128,0,32,0,1088
1,128,0,32,0,2069
1,128,0,32,0,755
1,128,0,32,0,156
1,128,0,32,0,178
1,128,0,32,0,286
1,128,0,32,0,193
1,128,0,32,0,168
1,128,0,32,0,162
1,128,0,32,0,1514
1,128,0,32,0,122
1,128,0,32,0,116
1,128,0,32,0,618
1,128,0,32,0,111
1,128,0,32,0,118
1,128,0,32,0,578
1,128,0,32,0,435
1,128,0,32,0,339
1,128,0,32,0,130
1,128,0,32,0,142
1,128,0,32,0,291
1,128,0,32,0,645
1,128,0,32,0,375
1,128,0,32,0,336
1,128,0,32,0,3593
1,128,0,32,0,164
1,128,0,32,0,163
1,128,0,32,0,283
1,128,0,32,0,3102
1,128,0,32,0,1640
1,128,0,32,0,3784
1,128,0,32,0,125
1,128,0,32,0,127
1,128,0,32,0,1643
1,128,0,32,0,272
1,128,0,32,0,843
1,128,0,32,0,130
1,128,0,32,0,132
1,128,0,32,0,1190
1,128,0,32,0,704
1,128,0,32,0,862
1,128,0,32,0,421
1,128,0,32,0,633
1,128,0,32,0,247
1,128,0,32,0,185
1,128,0,32,0,176
1,128,0,32,0,280
1,128,0,32,0,1736
1,128,0,32,0,514
1,128,0,32,0,133
1,128,0,32,0,127
1,128,0,32,0,267
1,128,0,32,0,311
1,128,0,32,0,146
1,128,0,32,0,197
1,128,0,32,0,564
1,128,0,32,0,3146
1,128,0,32,0,165
1,128,0,32,0,2312
1,128,0,32,0,141
1,128,0,32,0,458
1,128,0,32,0,143
1,128,0,32,0,2151
1,128,0,32,0,439
1,128,0,32,0,2843
1,128,0,32,0,1404
1,128,0,32,0,190
1,128,0,32,0,135
1,128,0,32,0,1427
1,128,0,32,0,471
1,128,0,32,0,635
1,128,0,32,0,186
1,128,0,32,0,242
1,128,0,32,0,195
1,128,0,32,0,220
1,128,0,32,0,192
1,128,0,32,0,184
1,128,0,32,0,175
1,128,0,32,0,193
1,128,0,32,0,897
1,128,0,32,0,139
1,128,0,32,0,156
1,128,0,32,0,136
1,128,0,32,0,146
1,128,0,32,0,136
1,128,0,32,0,128
1,128,0,32,0,130
1,128,0,32,0,129
1,128,0,32,0,848
1,128,0,32,0,582
1,128,0,32,0,135
1,128,0,32,0,548
1,128,0,32,0,157
1,128,0,32,0,154
1,128,0,32,0,2976
1,128,0,32,0,327
1,128,0,32,0,203
1,128,0,32,0,243
1,128,0,32,0,2292
1,128,0,32,0,128
1,128,0,32,0,1659
1,128,0,32,0,2685
1,128,0,32,0,1337
1,128,0,32,0,199
1,128,0,32,0,189
1,128,0,32,0,320
1,128,0,32,0,207
1,128,0,32,0,192
1,128,0,32,0,195
1,128,0,32,0,186
1,128,0,32,0,575
1,128,0,32,0,154
1,128,0,32,0,2905
1,128,0,32,0,130
1,128,0,32,0,134
1,128,0,32,0,203
1,128,0,32,0,181
1,128,0,32,0,187
1,128,0,32,0,182
1,128,0,32,0,522
1,128,0,32,0,172
1,128,0,32,0,1572
1,128,0,32,0,163
1,128,0,32,0,149
1,128,0,32,0,4264
1,128,0,32,0,809
1,128,0,32,0,262
1,128,0,32,0,1139
1,128,0,32,0,607
1,128,0,32,0,203
1,128,0,32,0,192
1,128,0,32,0,1764
1,128,0,32,0,127
1,128,0,32,0,2071
1,128,0,32,0,484
1,128,0,32,0,579
1,128,0,32,0,229
1,128,0,32,0,451
1,128,0,32,0,153
1,128,0,32,0,185
1,128,0,32,0,374
1,128,0,32,0,141
1,128,0,32,0,160
1,128,0,32,0,121
1,128,0,32,0,534
1,128,0,32,0,131
1,128,0,32,0,135
1,128,0,32,0,124
1,128,0,32,0,580
1,128,0,32,0,313
1,128,0,32,0,134
1,128,0,32,0,1937
1,128,0,32,0,151
1,128,0,32,0,3245
1,128,0,32,0,154
1,128,0,32,0,196
1,128,0,32,0,335
1,128,0,32,0,1290
1,128,0,32,0,134
1,128,0,32,0,135
1,128,0,32,0,889
1,128,0,32,0,132
1,128,0,32,0,262
1,128,0,32,0,168
1,128,0,32,0,149
1,128,0,32,0,267
1,128,0,32,0,819
1,128,0,32,0,126
1,128,0,32,0,545
1,128,0,32,0,135
1,128,0,32,0,1215
1,128,0,32,0,337
1,128,0,32,0,127
1,128,0,32,0,133
1,128,0,32,0,127
1,128,0,32,0,137
1,128,0,32,0,748
1,128,0,32,0,542
1,128,0,32,0,1264
1,128,0,32,0,881
1,128,0,32,0,1710
1,128,0,32,0,1124
1,128,0,32,0,132
1,128,0,32,0,161
1,128,0,32,0,134
1,128,0,32,0,358
1,128,0,32,0,637
1,128,0,32,0,129
1,128,0,32,0,258
1,128,0,32,0,158
1,128,0,32,0,135
1,128,0,32,0,189
1,128,0,32,0,130
1,128,0,32,0,211
1,128,0,32,0,190
1,128,0,32,0,198
1,128,0,32,0,570
1,128,0,32,0,128
1,128,0,32,0,288
1,128,0,32,0,381
1,128,0,32,0,125
1,128,0,32,0,519
1,128,0,32,0,150
1,128,0,32,0,127
1,128,0,32,0,136
1,128,0,32,0,3003
1,128,0,32,0,403
1,128,0,32,0,129
1,128,0,32,0,127
1,128,0,32,0,128
1,128,0,32,0,135
1,128,0,32,0,129
1,128,0,32,0,938
1,128,0,32,0,180
1,128,0,32,0,186
1,128,0,32,0,174
1,128,0,32,0,174
1,128,0,32,0,181
1,128,0,32,0,311
1,128,0,32,0,226
1,128,0,32,0,133
1,128,0,32,0,125
1,128,0,32,0,131
1,128,0,32,0,130
1,128,0,32,0,275
1,128,0,32,0,321
1,128,0,32,0,269
1,128,0,32,0,1878
1,128,0,32,0,126
1,128,0,32,0,325
1,128,0,32,0,1232
1,128,0,32,0,612
1,128,0,32,0,1559
1,128,0,32,0,4918
1,128,0,32,0,142
1,128,0,32,0,128
1,128,0,32,0,775
1,128,0,32,0,889
1,128,0,32,0,139
1,128,0,32,0,135
1,128,0,32,0,137
1,128,0,32,0,129
1,128,0,32,0,134
1,128,0,32,0,998
1,128,0,32,0,539
1,128,0,32,0,128
1,128,0,32,0,3295
1,128,0,32,0,1001
1,128,0,32,0,134
1,128,0,32,0,565
1,128,0,32,0,127
1,128,0,32,0,1031
1,128,0,32,0,136
1,128,0,32,0,142
1,128,0,32,0,136
1,128,0,32,0,128
1,128,0,32,0,438
1,128,0,32,0,417
1,128,0,32,0,476
1,128,0,32,0,135
1,128,0,32,0,126
1,128,0,32,0,129
1,128,0,32,0,477
1,128,0,32,0,123
1,128,0,32,0,128
1,128,0,32,0,582
1,128,0,32,0,12835
1,128,0,32,0,667
1,128,0,32,0,1208
1,128,0,32,0,1097
1,128,0,32,0,956
1,128,0,32,0,697
1,128,0,32,0,2597
1,128,0,32,0,952
